population,evaluations,1/x,id,MonitorCentral,MonitorPeer,MonitorCloud,AnalyzeCentral,AnalyzePeer,AnalyzeCloud,NormalPlanCentral,NormalPlanPeer,NormalPlanCloud,AlertPlanCentral,AlertPlanPeer,AlertPlanCloud,CriticalPlanCentral,CriticalPlanPeer,CriticalPlanCloud,NormalExecuteCentral,NormalExecutePeer,NormalExecuteCloud,AlertExecuteCentral,AlertExecutePeer,AlertExecuteCloud,CriticalExecuteCentral,CriticalExecutePeer,CriticalExecuteCloud
10,60,3,S1,0.241605426,0.676572463,0.081822111,0.07512901,0.78955932,0.135311671,0.189758052,0.23536004,0.574881908,0.048453092,0.480838688,0.47070822,0.73096397,0.24582203,0.023214,0.482811911,0.243911657,0.273276433,0.145073369,0.588489901,0.266436731,0.979353802,0.010747202,0.009898996
,,,S2,0.241605426,0.676572463,0.081822111,0.07512901,0.78955932,0.135311671,0.739452705,0.168222189,0.092325106,0.099175445,0.441443979,0.459380576,0.679347877,0.238869908,0.081782215,0.482811911,0.243911657,0.273276433,0.145073369,0.588489901,0.266436731,0.979353802,0.010747202,0.009898996
30,60,3,S1,0.078965407,0.861396833,0.05963776,0.947570569,0.03189884,0.020530592,0.248932184,0.167441413,0.583626403,0.724975763,0.131167901,0.143856336,0.045992577,0.913582257,0.040425167,0.221742815,0.668916801,0.109340384,0.697478234,0.215007423,0.087514343,0.754193437,0.180818448,0.064988115
,,,S2=S7,0.973865006,0.024366741,0.001768252,0.880459067,0.058836915,0.060704018,0.445530217,0.315246886,0.239222897,0.679907525,0.114049956,0.206042518,0.668145379,0.073631169,0.258223452,0.791000607,0.127793188,0.081206205,0.054879765,0.052593232,0.892527003,0.944097693,0.014768628,0.041133679
,,,S3,0.860993296,0.016123837,0.122882868,0.702541104,0.129259487,0.16819941,0.014538648,0.037174043,0.948287309,0.649460346,0.17336639,0.177173264,0.926998461,0.005382067,0.067619472,0.149327513,0.722924379,0.127748109,0.117913618,0.731958755,0.150127627,0.637969455,0.313753048,0.048277497
,,,S4,0.629734128,0.320215508,0.050050364,0.717829963,0.156041683,0.126128354,0.368914987,0.053089502,0.577995511,0.942259336,0.026379967,0.031360696,0.54596347,0.426124013,0.027912517,0.572049613,0.141399724,0.286550663,0.359675997,0.508385161,0.131938843,0.410127139,0.490974532,0.098898329
,,,S5,0.158636928,0.778212495,0.063150577,0.524463896,0.281443617,0.194092487,0.190640773,0.675947969,0.133411258,0.702423859,0.142564932,0.155011209,0.865592446,0.106092797,0.028314757,0.266002875,0.574058605,0.15993852,0.219725369,0.311077761,0.46919687,0.800424324,0.186404498,0.013171178
,,,S6,0.078965407,0.861396833,0.05963776,0.947570569,0.03189884,0.020530592,0.248932184,0.167441413,0.583626403,0.724975763,0.131167901,0.143856336,0.045992577,0.913582257,0.040425167,0.221742815,0.668916801,0.109340384,0.39304821,0.237144777,0.369807013,0.382292353,0.060672434,0.557035213
,,,S7=S2,0.973865006,0.024366741,0.001768252,0.880459067,0.058836915,0.060704018,0.445530217,0.315246886,0.239222897,0.679907525,0.114049956,0.206042518,0.668145379,0.073631169,0.258223452,0.791000607,0.127793188,0.081206205,0.054879765,0.052593232,0.892527003,0.944097693,0.014768628,0.041133679
,,,S8,0.579377535,0.333835891,0.086786574,0.427959175,0.130372633,0.441668192,0.488882585,0.443048972,0.068068443,0.443438275,0.525771088,0.030790637,0.001069372,0.692339902,0.306590726,0.536627719,0.406453793,0.056918488,0.771457388,0.184955118,0.043587495,0.578323061,0.118091653,0.303585286
60,60,3,S1,0.753055623,0.20458014,0.042364237,0.809376166,0.006521615,0.18410222,0.420349553,0.005450181,0.574200266,0.455104134,0.124959594,0.419936271,0.041809227,0.251084781,0.707105991,0.468664793,0.497694637,0.03364057,0.705803284,0.212353573,0.081843144,0.180393154,0.556438811,0.263168035
,,,S2,0.963317473,0.029210262,0.007472265,0.930573143,0.001499985,0.067926872,0.056877908,0.246991577,0.696130514,0.051894715,0.293539848,0.654565437,0.428553547,0.219423169,0.352023284,0.783248753,0.050632786,0.16611846,0.565673105,0.194296294,0.240030602,0.63779324,0.15776082,0.204445941
,,,S3,0.921466239,0.000408528,0.078125233,0.465156642,0.390140946,0.144702411,0.420786067,0.378777363,0.200436571,0.587351031,0.144481946,0.268167024,0.226115702,0.644487637,0.12939666,0.873774347,0.073796763,0.05242889,0.506552309,0.151595439,0.341852252,0.912693708,0.02642293,0.060883362
,,,S4,0.38218904,0.46795328,0.14985768,0.312883127,0.620433301,0.066683572,0.847483661,0.110921262,0.041595077,0.756459949,0.180637494,0.062902557,0.161384096,0.159373827,0.679242076,0.897344747,0.082163942,0.020491311,0.132575431,0.386545809,0.48087876,0.484308769,0.144978214,0.370713017
,,,S5,0.667087541,0.329023887,0.003888572,0.255075221,0.148195076,0.596729703,0.542389059,0.40033323,0.057277711,0.128962329,0.809841889,0.061195782,0.026962135,0.548633317,0.424404547,0.622035019,0.01341379,0.364551191,0.661525512,0.024892439,0.313582048,0.995509035,0.00033633,0.004154636
,,,S6,0.767787344,0.169015448,0.063197208,0.60799595,0.080603641,0.31140041,0.226649236,0.672284918,0.101065846,0.399689178,0.508485955,0.091824867,0.163729976,0.485021857,0.351248166,0.242735755,0.497801412,0.259462833,0.548997211,0.056082329,0.39492046,0.451858935,0.213005325,0.335135739
,,,S7,0.821175763,0.157354141,0.021470096,0.982762674,0.008886473,0.008350854,0.330361222,0.046088596,0.623550183,0.506219168,0.094303261,0.399477571,0.885716635,0.105201021,0.009082344,0.853552449,0.130205186,0.016242366,0.300400078,0.676021162,0.023578759,0.686966605,0.210786773,0.102246621
,,,S8,0.993928065,0.004413599,0.001658335,0.496349837,0.208658154,0.29499201,0.555412377,0.030509287,0.414078336,0.881444897,0.084707897,0.033847206,0.454519312,0.407065802,0.138414886,0.959244909,0.014220779,0.026534312,0.159545884,0.227907387,0.612546729,0.571905752,0.270107569,0.157986678
,,,S9,0.939051861,0.030772495,0.030175644,0.970614691,0.019792076,0.009593233,0.677696671,0.029471333,0.292831996,0.944145431,0.014431215,0.041423354,0.335389603,0.592501236,0.072109161,0.178289294,0.168938407,0.6527723,0.152119794,0.221309651,0.626570555,0.477596897,0.404568497,0.117834605
,,,S10,0.528668829,0.385800797,0.085530374,0.206659794,0.664663976,0.12867623,0.134016249,0.023290845,0.842692905,0.49021909,0.421809732,0.087971178,0.988792702,0.00753908,0.003668218,0.170061593,0.766308213,0.063630195,0.048491684,0.580974529,0.370533787,0.6559381,0.161824031,0.182237869
10,120,3,S1,0.995851544,0.00044792,0.003700536,0.899423659,0.011527274,0.089049067,0.115480472,0.12937599,0.755143538,0.499028028,0.196620732,0.30435124,0.073365709,0.265854896,0.660779395,0.727457554,0.213442217,0.059100229,0.260497704,0.325994568,0.413507729,0.840631585,0.088528325,0.07084009
,,,S2,0.995851544,0.00044792,0.003700536,0.899423659,0.011527274,0.089049067,0.115480472,0.12937599,0.755143538,0.826029913,0.091611181,0.082358906,0.073365709,0.265854896,0.660779395,0.311820863,0.550500412,0.137678725,0.260497704,0.325994568,0.413507729,0.840631585,0.088528325,0.07084009
,,,S3,0.995851544,0.00044792,0.003700536,0.899423659,0.011527274,0.089049067,0.633742237,0.071553936,0.294703826,0.441159344,0.28425317,0.274587487,0.07700279,0.532725895,0.390271314,0.311820863,0.550500412,0.137678725,0.260497704,0.325994568,0.413507729,0.840631585,0.088528325,0.07084009
,,,S4,0.995851544,0.00044792,0.003700536,0.899423659,0.011527274,0.089049067,0.746105939,0.03781092,0.216083141,0.441159344,0.28425317,0.274587487,0.07700279,0.532725895,0.390271314,0.727457554,0.213442217,0.059100229,0.260497704,0.325994568,0.413507729,0.840631585,0.088528325,0.07084009
,,,S5,0.995851544,0.00044792,0.003700536,0.899423659,0.011527274,0.089049067,0.746105939,0.03781092,0.216083141,0.441159344,0.28425317,0.274587487,0.07700279,0.532725895,0.390271314,0.727457554,0.213442217,0.059100229,0.260497704,0.325994568,0.413507729,0.840631585,0.088528325,0.07084009
,,,S6,0.995851544,0.00044792,0.003700536,0.234788152,0.279121629,0.486090219,0.746105939,0.03781092,0.216083141,0.826029913,0.091611181,0.082358906,0.073365709,0.265854896,0.660779395,0.727457554,0.213442217,0.059100229,0.260497704,0.325994568,0.413507729,0.840631585,0.088528325,0.07084009
,,,S7,0.995851544,0.00044792,0.003700536,0.899423659,0.011527274,0.089049067,0.746105939,0.03781092,0.216083141,0.441159344,0.28425317,0.274587487,0.07700279,0.532725895,0.390271314,0.727457554,0.213442217,0.059100229,0.260497704,0.325994568,0.413507729,0.840631585,0.088528325,0.07084009
,,,S8,0.995851544,0.00044792,0.003700536,0.234788152,0.279121629,0.486090219,0.746105939,0.03781092,0.216083141,0.826029913,0.091611181,0.082358906,0.073365709,0.265854896,0.660779395,0.727457554,0.213442217,0.059100229,0.260497704,0.325994568,0.413507729,0.840631585,0.088528325,0.07084009
30,120,3,S1,0.390688727,0.561365261,0.047946012,0.810197453,0.036397195,0.153405352,0.521669895,0.311863417,0.166466688,0.798293598,0.153545943,0.048160459,0.046739977,0.024414015,0.928846009,0.093593878,0.071265733,0.835140389,0.694403074,0.284736702,0.020860224,0.100156649,0.431196257,0.468647094
,,,S2,0.952247475,0.046372866,0.001379659,0.863298568,0.001935575,0.134765857,0.04118845,0.525525229,0.433286321,0.123136362,0.634159673,0.242703965,0.936358129,0.043526425,0.020115446,0.360927681,0.582179558,0.056892761,0.292663595,0.043705447,0.663630957,0.898662133,0.055275687,0.04606218
,,,S3,0.311039094,0.675965489,0.012995417,0.382825786,0.434336722,0.182837492,0.21230915,0.719996354,0.067694496,0.032701523,0.793101256,0.174197221,0.265217728,0.353072766,0.381709505,0.279093999,0.01648491,0.704421091,0.567129295,0.162715649,0.270155055,0.111315172,0.506244426,0.382440402
,,,S4,0.884950337,0.113027491,0.002022172,0.359853499,0.447874216,0.192272285,0.443564859,0.546780015,0.009655126,0.654848416,0.120966091,0.224185494,0.046190633,0.526807269,0.427002099,0.857636116,0.087764836,0.054599047,0.062086438,0.137722363,0.800191199,0.787111753,0.048301146,0.164587101
,,,S5,0.921495861,0.060702892,0.017801247,0.666385938,0.321979942,0.01163412,0.416346043,0.071467476,0.512186482,0.558852688,0.427053277,0.014094035,0.733969914,0.202663482,0.063366604,0.756270325,0.060748933,0.182980742,0.122947962,0.824497173,0.052554865,0.557288714,0.348397099,0.094314187
,,,S6,0.765083341,0.047281047,0.187635612,0.051108086,0.568293396,0.380598518,0.176563268,0.606171532,0.217265199,0.977493349,0.022385125,0.000121526,0.051220819,0.071597298,0.877181882,0.333732736,0.606448575,0.059818689,0.854623134,0.104240992,0.041135874,0.937005096,0.012651485,0.050343418
,,,S7,0.390688727,0.561365261,0.047946012,0.810197453,0.036397195,0.153405352,0.521669895,0.311863417,0.166466688,0.798293598,0.153545943,0.048160459,0.046739977,0.024414015,0.928846009,0.093593878,0.071265733,0.835140389,0.694403074,0.284736702,0.020860224,0.100156649,0.431196257,0.468647094
,,,S8,0.884950337,0.113027491,0.002022172,0.359853499,0.447874216,0.192272285,0.443564859,0.546780015,0.009655126,0.654848416,0.120966091,0.224185494,0.046190633,0.526807269,0.427002099,0.857636116,0.087764836,0.054599047,0.062086438,0.137722363,0.800191199,0.787111753,0.048301146,0.164587101
,,,S9,0.311039094,0.675965489,0.012995417,0.382825786,0.434336722,0.182837492,0.21230915,0.719996354,0.067694496,0.032701523,0.793101256,0.174197221,0.265217728,0.353072766,0.381709505,0.279093999,0.01648491,0.704421091,0.567129295,0.162715649,0.270155055,0.787111753,0.048301146,0.164587101
,,,S10,0.884950337,0.113027491,0.002022172,0.359853499,0.447874216,0.192272285,0.443564859,0.546780015,0.009655126,0.654848416,0.120966091,0.224185494,0.046190633,0.526807269,0.427002099,0.857636116,0.087764836,0.054599047,0.062086438,0.137722363,0.800191199,0.111315172,0.506244426,0.382440402
,,,S11,0.952233551,0.039492629,0.00827382,0.522735711,0.336522444,0.140741846,0.486397065,0.013228779,0.500374156,0.454346823,0.026956631,0.518696546,0.64159043,0.325291023,0.033118547,0.965537523,0.017118095,0.017344382,0.122947962,0.824497173,0.052554865,0.557288714,0.348397099,0.094314187
,,,S12,0.909739847,0.02765228,0.062607872,0.268542513,0.619009265,0.112448222,0.661427056,0.068205725,0.270367219,0.036607485,0.132121989,0.831270526,0.603095261,0.127008133,0.269896606,0.466754673,0.525546275,0.007699052,0.465482426,0.45612012,0.078397454,0.138649971,0.836194297,0.025155732
,,,S13,0.311039094,0.675965489,0.012995417,0.051108086,0.568293396,0.380598518,0.176563268,0.606171532,0.217265199,0.977493349,0.022385125,0.000121526,0.051220819,0.071597298,0.877181882,0.333732736,0.606448575,0.059818689,0.854623134,0.104240992,0.041135874,0.937005096,0.012651485,0.050343418
,,,S14,0.952247475,0.046372866,0.001379659,0.863298568,0.001935575,0.134765857,0.04118845,0.525525229,0.433286321,0.123136362,0.634159673,0.242703965,0.004581375,0.051465213,0.943953413,0.551386023,0.109046754,0.339567223,0.932647411,0.015383417,0.051969172,0.897686965,0.078129306,0.024183728
60,120,3,S1,0.885319119,0.005966593,0.108714288,0.072294947,0.91689114,0.010813913,0.646724825,0.002478145,0.350797031,0.947451675,0.017037343,0.035510982,0.109116322,0.291201826,0.599681852,0.854661863,0.029363605,0.115974532,0.424813177,0.559308717,0.015878106,0.271704447,0.623835903,0.10445965
,,,S2,0.115835639,0.74445004,0.13971432,0.240446029,0.200793868,0.558760102,0.165397187,0.687258354,0.147344459,0.337435255,0.48882815,0.173736595,0.238673313,0.130162718,0.63116397,0.624998167,0.289319027,0.085682806,0.81050975,0.18940325,8.70003E-05,0.015825875,0.679674139,0.304499987
,,,S3,0.571227904,0.346984511,0.081787585,0.418359166,0.52106854,0.060572294,0.287523173,0.521248497,0.19122833,0.356503209,0.105607865,0.537888926,0.35467915,0.071899982,0.573420868,0.506054142,0.488106755,0.005839103,0.2968302,0.58884992,0.11431988,0.956228115,0.040476174,0.003295711
,,,S4,0.510655662,0.479921935,0.009422403,0.643922492,0.171569373,0.184508134,0.385871301,0.274914262,0.339214437,0.768613568,0.12280341,0.108583021,0.502170493,0.163790896,0.334038611,0.37506412,0.383349758,0.241586122,0.030730727,0.120744347,0.848524926,0.736508187,0.188400913,0.0750909
,,,S5,0.598055815,0.299798967,0.102145218,0.884837299,0.053707414,0.061455287,0.35797962,0.113043483,0.528976897,0.930976558,0.036300591,0.032722851,0.41466647,0.346003133,0.239330397,0.983893808,0.001560611,0.014545582,0.143209471,0.722174721,0.134615808,0.222260379,0.076835626,0.700903994
,,,S6,0.316578494,0.580638736,0.10278277,0.741674135,0.1973044,0.061021465,0.44740194,0.046250556,0.506347505,0.163038246,0.333309768,0.503651986,0.161185268,0.797305193,0.041509539,0.001219655,0.695162417,0.303617928,0.852310242,0.041603145,0.106086614,0.544227139,0.432988656,0.022784205
,,,S7,0.888734637,0.067376557,0.043888806,0.343515584,0.560314776,0.09616964,0.567923224,0.143415832,0.288660944,0.315843969,0.214916625,0.469239406,0.028095067,0.381782703,0.59012223,0.832230383,0.054404773,0.113364844,0.290927128,0.376737693,0.332335178,0.579276296,0.354481387,0.066242317
,,,S8,0.818831868,0.011396635,0.169771497,0.308911372,0.06882204,0.622266588,0.181464549,0.15927724,0.65925821,0.080759358,0.704824605,0.214416037,0.779850065,0.208101005,0.01204893,0.844280742,0.11664357,0.039075688,0.05533088,0.439871729,0.504797391,0.991059351,0.001569582,0.007371067
,,,S9,0.965229392,0.013015787,0.021754821,0.335947699,0.101785957,0.562266345,0.300983991,0.168162273,0.530853736,0.836284864,0.05554785,0.108167286,0.721794312,0.083470398,0.19473529,0.65913838,0.317248917,0.023612703,0.407608951,0.37664496,0.215746088,0.737609591,0.025505313,0.236885096
,,,S10,0.571227904,0.346984511,0.081787585,0.418359166,0.52106854,0.060572294,0.287523173,0.521248497,0.19122833,0.356503209,0.105607865,0.537888926,0.35467915,0.071899982,0.573420868,0.506054142,0.488106755,0.005839103,0.2968302,0.58884992,0.11431988,0.956228115,0.040476174,0.003295711
,,,S11,0.974614864,0.001393806,0.02399133,0.646627159,0.19848635,0.154886492,0.599792191,0.010495218,0.389712591,0.617164764,0.251709337,0.131125899,0.130115437,0.045126197,0.824758366,0.878072895,0.020433399,0.101493707,0.07911099,0.629449141,0.29143987,0.595883904,0.252579924,0.151536172
,,,S12,0.801439672,0.017513631,0.181046697,0.896012136,0.010481254,0.09350661,0.747594404,0.055725019,0.196680578,0.657566902,0.041814987,0.300618111,0.532990709,0.458657077,0.008352214,0.405240677,0.478355687,0.116403636,0.030730727,0.120744347,0.848524926,0.736508187,0.188400913,0.0750909
,,,S13,0.598055815,0.299798967,0.102145218,0.884837299,0.053707414,0.061455287,0.35797962,0.113043483,0.528976897,0.930976558,0.036300591,0.032722851,0.41466647,0.346003133,0.239330397,0.983893808,0.001560611,0.014545582,0.143209471,0.722174721,0.134615808,0.222260379,0.076835626,0.700903994
,,,S14,0.888734637,0.067376557,0.043888806,0.343515584,0.560314776,0.09616964,0.567923224,0.143415832,0.288660944,0.315843969,0.214916625,0.469239406,0.028095067,0.381782703,0.59012223,0.844280742,0.11664357,0.039075688,0.05533088,0.439871729,0.504797391,0.991059351,0.001569582,0.007371067
,,,S15,0.818831868,0.011396635,0.169771497,0.308911372,0.06882204,0.622266588,0.181464549,0.15927724,0.65925821,0.080759358,0.704824605,0.214416037,0.779850065,0.208101005,0.01204893,0.832230383,0.054404773,0.113364844,0.290927128,0.376737693,0.332335178,0.579276296,0.354481387,0.066242317
,,,S16,0.990463656,0.002532872,0.007003472,0.903994272,0.020558168,0.075447561,0.482870994,0.122788989,0.394340017,0.726443471,0.172359926,0.101196602,0.210179255,0.343481008,0.446339737,0.956889129,0.002255499,0.040855372,0.335003823,0.296529889,0.368466288,0.225286644,0.589678692,0.185034664
120,120,3,S1,0.336671664,0.596699574,0.066628763,0.179007765,0.292207522,0.528784713,0.271110393,0.429624574,0.299265033,0.738842185,0.147454443,0.113703372,0.231234207,0.016037431,0.752728362,0.504663815,0.181627884,0.313708301,0.451802412,0.326983969,0.221213619,0.884383118,0.106801882,0.008815
,,,S2,0.826650932,0.172429395,0.000919674,0.841615595,0.102185246,0.056199159,0.734334826,0.023225298,0.242439876,0.835589051,0.057838917,0.106572031,0.311781345,0.13983024,0.548388415,0.323024334,0.397529351,0.279446316,0.17988105,0.30040842,0.51971053,0.991642309,0.004712494,0.003645197
,,,S3,0.821400039,0.094956241,0.083643721,0.915591505,0.026750416,0.057658079,0.901622864,0.097064058,0.001313078,0.520057812,0.363111881,0.116830307,0.471768926,0.511268031,0.016963043,0.213866662,0.661447381,0.124685957,0.111728437,0.752619361,0.135652202,0.245992054,0.498488676,0.255519269
,,,S4,0.979975067,0.004262182,0.015762752,0.246096508,0.666849836,0.087053656,0.366316243,0.054522632,0.579161125,0.77776581,0.214128431,0.008105759,0.181226178,0.127657417,0.691116404,0.210389403,0.031891172,0.757719425,0.427339146,0.440577525,0.132083329,0.935068061,0.055603447,0.009328492
,,,S5,0.663171384,0.231517345,0.105311271,0.861748164,0.029151516,0.10910032,0.125158616,0.088122748,0.786718637,0.311050429,0.491665106,0.197284465,0.788609842,0.087695417,0.123694742,0.965833792,0.01494325,0.019222958,0.154357261,0.816049465,0.029593274,0.888080392,0.034946671,0.076972937
,,,S6,0.85720616,0.13879742,0.003996421,0.422922608,0.164956573,0.41212082,0.437765355,0.280024651,0.282209994,0.344051545,0.536748288,0.119200167,0.606054289,0.067389258,0.326556452,0.081160143,0.903304258,0.015535599,0.345693638,0.475588792,0.17871757,0.773370186,0.161865876,0.064763938
,,,S7,0.597785659,0.316794298,0.085420043,0.85786235,0.03668328,0.10545437,0.758235347,0.013941306,0.227823347,0.03901016,0.754262747,0.206727092,0.097814821,0.249664902,0.652520277,0.648728501,0.303002453,0.048269046,0.16079952,0.385708373,0.453492107,0.766389329,0.071249755,0.162360916
,,,S8,0.871817531,0.111503397,0.016679072,0.505990058,0.149681579,0.344328363,0.179789374,0.275839728,0.544370898,0.804725158,0.060131446,0.135143396,0.434118074,0.473220035,0.092661891,0.714534891,0.207096962,0.078368147,0.520407278,0.434814,0.044778723,0.733413834,0.17014229,0.096443876
,,,S9,0.899256797,0.050527985,0.050215218,0.977743941,0.017659767,0.004596293,0.520618412,0.459141903,0.020239685,0.988309016,0.005365921,0.006325063,0.563565456,0.126538611,0.309895933,0.455698481,0.445247597,0.099053922,0.392319783,0.435398101,0.172282116,0.302198345,0.519883058,0.177918596
,,,S10,0.632883439,0.214954854,0.152161706,0.574761734,0.183541706,0.24169656,0.656063263,0.269935579,0.074001158,0.099727179,0.366510309,0.533762512,0.453785952,0.519232245,0.026981803,0.937177,0.049141026,0.013681974,0.117330872,0.279838207,0.602830922,0.430908511,0.148876188,0.420215301
,,,S11,0.767688203,0.012324299,0.219987498,0.482092721,0.004256124,0.513651155,0.438584644,0.163098321,0.398317036,0.760423096,0.036313695,0.203263209,0.57301328,0.343185545,0.083801176,0.889697212,0.079674084,0.030628705,0.120399071,0.568817003,0.310783926,0.663033114,0.107168169,0.229798718
,,,S12,0.765783509,0.14705476,0.087161732,0.426066279,0.481149668,0.092784054,0.729536652,0.258342012,0.012121336,0.590591596,0.364667051,0.044741352,0.615263856,0.104377979,0.280358165,0.130672763,0.718578513,0.150748723,0.144568303,0.385850505,0.469581192,0.048219781,0.057319645,0.894460574
10,180,3,S1,0.330547785,0.22075522,0.448696995,0.855947672,0.01435533,0.129696998,0.509797737,0.389567284,0.100634979,0.929853166,0.021008514,0.04913832,0.862936349,0.105530836,0.031532815,0.340134083,0.458449734,0.201416182,0.030531987,0.663711752,0.30575626,0.136151161,0.057538963,0.806309876
,,,S2=S6=S8,0.832295704,0.076592899,0.091111397,0.112965215,0.241987289,0.645047496,0.564672115,0.39511975,0.040208135,0.693074643,0.169037346,0.137888011,0.075864014,0.900538968,0.023597018,0.399603799,0.432296689,0.168099512,0.55523215,0.277814786,0.166953064,0.442244627,0.541956116,0.015799258
,,,S3,0.592878169,0.292131984,0.114989847,0.2920015,0.610519836,0.097478664,0.564672115,0.39511975,0.040208135,0.693074643,0.169037346,0.137888011,0.742165742,0.110521214,0.147313044,0.90726746,0.041217218,0.051515322,0.026892552,0.917059522,0.056047926,0.442244627,0.541956116,0.015799258
,,,S4=S5,0.832295704,0.076592899,0.091111397,0.112965215,0.241987289,0.645047496,0.564672115,0.39511975,0.040208135,0.929853166,0.021008514,0.04913832,0.862936349,0.105530836,0.031532815,0.90726746,0.041217218,0.051515322,0.026892552,0.917059522,0.056047926,0.262101991,0.604410628,0.133487381
,,,S5=S4,0.832295704,0.076592899,0.091111397,0.112965215,0.241987289,0.645047496,0.564672115,0.39511975,0.040208135,0.929853166,0.021008514,0.04913832,0.862936349,0.105530836,0.031532815,0.90726746,0.041217218,0.051515322,0.026892552,0.917059522,0.056047926,0.262101991,0.604410628,0.133487381
,,,S6=S2=S8,0.832295704,0.076592899,0.091111397,0.112965215,0.241987289,0.645047496,0.564672115,0.39511975,0.040208135,0.693074643,0.169037346,0.137888011,0.075864014,0.900538968,0.023597018,0.399603799,0.432296689,0.168099512,0.55523215,0.277814786,0.166953064,0.442244627,0.541956116,0.015799258
,,,S7,0.832295704,0.076592899,0.091111397,0.2920015,0.610519836,0.097478664,0.564672115,0.39511975,0.040208135,0.693074643,0.169037346,0.137888011,0.742165742,0.110521214,0.147313044,0.90726746,0.041217218,0.051515322,0.026892552,0.917059522,0.056047926,0.262101991,0.604410628,0.133487381
,,,S8=S2=S6,0.832295704,0.076592899,0.091111397,0.112965215,0.241987289,0.645047496,0.564672115,0.39511975,0.040208135,0.693074643,0.169037346,0.137888011,0.075864014,0.900538968,0.023597018,0.399603799,0.432296689,0.168099512,0.55523215,0.277814786,0.166953064,0.442244627,0.541956116,0.015799258
,,,S9=S10,0.832295704,0.076592899,0.091111397,0.112965215,0.241987289,0.645047496,0.480207914,0.045077936,0.47471415,0.693074643,0.169037346,0.137888011,0.075864014,0.900538968,0.023597018,0.399603799,0.432296689,0.168099512,0.55523215,0.277814786,0.166953064,0.442244627,0.541956116,0.015799258
,,,S10=S9,0.832295704,0.076592899,0.091111397,0.112965215,0.241987289,0.645047496,0.480207914,0.045077936,0.47471415,0.693074643,0.169037346,0.137888011,0.075864014,0.900538968,0.023597018,0.399603799,0.432296689,0.168099512,0.55523215,0.277814786,0.166953064,0.442244627,0.541956116,0.015799258
30,180,3,S1,0.836610991,0.152591,0.010798009,0.576001499,0.350239779,0.073758722,0.114727795,0.559865791,0.325406414,0.63909655,0.348556518,0.012346931,0.121225861,0.225919043,0.652855095,0.637962386,0.360974424,0.00106319,0.864738704,0.104887102,0.030374194,0.708391028,0.194876414,0.096732558
,,,S2,0.34787761,0.628373755,0.023748634,0.231807003,0.676182037,0.09201096,0.033249172,0.17137147,0.795379358,0.669042708,0.247101893,0.0838554,0.953824218,0.015186087,0.030989695,0.856276139,0.055037232,0.088686629,0.046668207,0.006449291,0.946882502,0.250734477,0.329862594,0.419402929
,,,S3,0.836610991,0.152591,0.010798009,0.576001499,0.350239779,0.073758722,0.114727795,0.559865791,0.325406414,0.63909655,0.348556518,0.012346931,0.121225861,0.225919043,0.652855095,0.074881002,0.314541392,0.610577606,0.185314202,0.762933558,0.05175224,0.708391028,0.194876414,0.096732558
,,,S4,0.808506604,0.094426276,0.09706712,0.523563501,0.256051781,0.220384719,0.040134301,0.126494732,0.833370966,0.252610033,0.271121362,0.476268605,0.348270081,0.414716724,0.237013195,0.561216755,0.303480885,0.13530236,0.644099079,0.329537646,0.026363275,0.173418825,0.720964347,0.105616828
,,,S5,0.916022648,0.055950182,0.028027171,0.744348156,0.113122207,0.142529637,0.549838802,0.403458144,0.046703054,0.983064055,0.010690742,0.006245202,0.328862068,0.347371029,0.323766903,0.986613152,0.004069041,0.009317807,0.046668207,0.006449291,0.946882502,0.250734477,0.329862594,0.419402929
,,,S6,0.916022648,0.055950182,0.028027171,0.744348156,0.113122207,0.142529637,0.549838802,0.403458144,0.046703054,0.983064055,0.010690742,0.006245202,0.328862068,0.347371029,0.323766903,0.986613152,0.004069041,0.009317807,0.256027747,0.578543556,0.165428697,0.40115919,0.422543099,0.176297712
,,,S7,0.315235314,0.579262255,0.105502431,0.353848438,0.52839004,0.117761522,0.313564032,0.26020731,0.426228658,0.923209941,0.033744852,0.043045207,0.408027794,0.522957664,0.069014542,0.126310649,0.735978832,0.137710519,0.046668207,0.006449291,0.946882502,0.250734477,0.329862594,0.419402929
,,,S8,0.836610991,0.152591,0.010798009,0.576001499,0.350239779,0.073758722,0.114727795,0.559865791,0.325406414,0.63909655,0.348556518,0.012346931,0.121225861,0.225919043,0.652855095,0.074881002,0.314541392,0.610577606,0.185314202,0.762933558,0.05175224,0.708391028,0.194876414,0.096732558
,,,S9,0.932759121,0.004127791,0.063113088,0.585942439,0.354232311,0.05982525,0.614320531,0.135939524,0.249739945,0.112308063,0.4814716,0.406220337,0.296123828,0.275572361,0.42830381,0.074881002,0.314541392,0.610577606,0.185314202,0.762933558,0.05175224,0.708391028,0.194876414,0.096732558
,,,S10,0.315235314,0.579262255,0.105502431,0.353848438,0.52839004,0.117761522,0.313564032,0.26020731,0.426228658,0.923209941,0.033744852,0.043045207,0.408027794,0.522957664,0.069014542,0.126310649,0.735978832,0.137710519,0.334970595,0.013112364,0.65191704,0.063743895,0.327444092,0.608812013
,,,S11,0.315235314,0.579262255,0.105502431,0.353848438,0.52839004,0.117761522,0.313564032,0.26020731,0.426228658,0.923209941,0.033744852,0.043045207,0.408027794,0.522957664,0.069014542,0.126310649,0.735978832,0.137710519,0.334970595,0.013112364,0.65191704,0.173418825,0.720964347,0.105616828
,,,S12,0.34787761,0.628373755,0.023748634,0.231807003,0.676182037,0.09201096,0.033249172,0.17137147,0.795379358,0.293299855,0.497841286,0.208858859,0.467533115,0.334944221,0.197522664,0.15647536,0.372040736,0.471483904,0.343702421,0.58466813,0.07162945,0.40115919,0.422543099,0.176297712
,,,S13,0.951085314,0.017481805,0.031432882,0.885980225,0.005105009,0.108914766,0.549838802,0.403458144,0.046703054,0.669042708,0.247101893,0.0838554,0.953824218,0.015186087,0.030989695,0.856276139,0.055037232,0.088686629,0.046668207,0.006449291,0.946882502,0.250734477,0.329862594,0.419402929
,,,S14,0.916022648,0.055950182,0.028027171,0.744348156,0.113122207,0.142529637,0.549838802,0.403458144,0.046703054,0.669042708,0.247101893,0.0838554,0.953824218,0.015186087,0.030989695,0.856276139,0.055037232,0.088686629,0.046668207,0.006449291,0.946882502,0.250734477,0.329862594,0.419402929
,,,S15,0.942942454,0.01300667,0.044050876,0.523563501,0.256051781,0.220384719,0.208097102,0.36942409,0.422478808,0.81880132,0.082109138,0.099089542,0.956476936,0.023495243,0.020027821,0.791382975,0.163517054,0.045099971,0.025873971,0.592144068,0.381981961,0.393636401,0.388651704,0.217711895
,,,S16,0.315235314,0.579262255,0.105502431,0.353848438,0.52839004,0.117761522,0.040134301,0.126494732,0.833370966,0.252610033,0.271121362,0.476268605,0.348270081,0.414716724,0.237013195,0.561216755,0.303480885,0.13530236,0.644099079,0.329537646,0.026363275,0.173418825,0.720964347,0.105616828
,,,S17,0.836610991,0.152591,0.010798009,0.576001499,0.350239779,0.073758722,0.114727795,0.559865791,0.325406414,0.63909655,0.348556518,0.012346931,0.121225861,0.225919043,0.652855095,0.637962386,0.360974424,0.00106319,0.864738704,0.104887102,0.030374194,0.135821464,0.341127868,0.523050668
,,,S18,0.951085314,0.017481805,0.031432882,0.885980225,0.005105009,0.108914766,0.549838802,0.403458144,0.046703054,0.923209941,0.033744852,0.043045207,0.408027794,0.522957664,0.069014542,0.126310649,0.735978832,0.137710519,0.334970595,0.013112364,0.65191704,0.063743895,0.327444092,0.608812013
,,,S19,0.34787761,0.628373755,0.023748634,0.231807003,0.676182037,0.09201096,0.033249172,0.17137147,0.795379358,0.293299855,0.497841286,0.208858859,0.408027794,0.522957664,0.069014542,0.126310649,0.735978832,0.137710519,0.334970595,0.013112364,0.65191704,0.173418825,0.720964347,0.105616828
,,,S20,0.942942454,0.01300667,0.044050876,0.188733247,0.033709191,0.777557562,0.040134301,0.126494732,0.833370966,0.252610033,0.271121362,0.476268605,0.348270081,0.414716724,0.237013195,0.569647161,0.417314749,0.013038091,0.60917063,0.385791477,0.005037892,0.393636401,0.388651704,0.217711895
,,,S21,0.916022648,0.055950182,0.028027171,0.881429421,0.058028484,0.060542095,0.255994013,0.286889631,0.457116357,0.320774926,0.345449196,0.333775878,0.196493508,0.550270549,0.253235943,0.569647161,0.417314749,0.013038091,0.60917063,0.385791477,0.005037892,0.667147825,0.035052073,0.297800102
,,,S22,0.808506604,0.094426276,0.09706712,0.523563501,0.256051781,0.220384719,0.208097102,0.36942409,0.422478808,0.81880132,0.082109138,0.099089542,0.956476936,0.023495243,0.020027821,0.791382975,0.163517054,0.045099971,0.025873971,0.592144068,0.381981961,0.393636401,0.388651704,0.217711895
,,,S23,0.808506604,0.094426276,0.09706712,0.230506488,0.107961141,0.661532371,0.040134301,0.126494732,0.833370966,0.252610033,0.271121362,0.476268605,0.348270081,0.414716724,0.237013195,0.561216755,0.303480885,0.13530236,0.644099079,0.329537646,0.026363275,0.173418825,0.720964347,0.105616828
,,,S24,0.781050463,0.205529176,0.013420361,0.299293753,0.476177624,0.224528623,0.613143986,0.20276012,0.184095893,0.293299855,0.497841286,0.208858859,0.467533115,0.334944221,0.197522664,0.986613152,0.004069041,0.009317807,0.256027747,0.578543556,0.165428697,0.306477221,0.314518042,0.379004737
,,,S25,0.781050463,0.205529176,0.013420361,0.299293753,0.476177624,0.224528623,0.613143986,0.20276012,0.184095893,0.293299855,0.497841286,0.208858859,0.467533115,0.334944221,0.197522664,0.986613152,0.004069041,0.009317807,0.256027747,0.578543556,0.165428697,0.306477221,0.314518042,0.379004737
,,,S26,0.34787761,0.628373755,0.023748634,0.231807003,0.676182037,0.09201096,0.033249172,0.17137147,0.795379358,0.293299855,0.497841286,0.208858859,0.467533115,0.334944221,0.197522664,0.986613152,0.004069041,0.009317807,0.256027747,0.578543556,0.165428697,0.306477221,0.314518042,0.379004737
,,,S27,0.836610991,0.152591,0.010798009,0.576001499,0.350239779,0.073758722,0.114727795,0.559865791,0.325406414,0.63909655,0.348556518,0.012346931,0.121225861,0.225919043,0.652855095,0.637962386,0.360974424,0.00106319,0.864738704,0.104887102,0.030374194,0.135821464,0.341127868,0.523050668
,,,S28,0.315235314,0.579262255,0.105502431,0.353848438,0.52839004,0.117761522,0.313564032,0.26020731,0.426228658,0.923209941,0.033744852,0.043045207,0.408027794,0.522957664,0.069014542,0.126310649,0.735978832,0.137710519,0.046668207,0.006449291,0.946882502,0.708391028,0.194876414,0.096732558
,,,S29,0.34787761,0.628373755,0.023748634,0.231807003,0.676182037,0.09201096,0.033249172,0.17137147,0.795379358,0.293299855,0.497841286,0.208858859,0.467533115,0.334944221,0.197522664,0.986613152,0.004069041,0.009317807,0.256027747,0.578543556,0.165428697,0.306477221,0.314518042,0.379004737
,,,S30,0.916022648,0.055950182,0.028027171,0.881429421,0.058028484,0.060542095,0.255994013,0.286889631,0.457116357,0.320774926,0.345449196,0.333775878,0.196493508,0.550270549,0.253235943,0.569647161,0.417314749,0.013038091,0.60917063,0.385791477,0.005037892,0.667147825,0.035052073,0.297800102
60,180,3,S1,0.594028398,0.389607506,0.016364096,0.354195326,0.108622212,0.537182463,0.221293205,0.122104045,0.65660275,0.907644555,0.014163589,0.078191856,0.902411879,0.008192061,0.08939606,0.690315141,0.276558325,0.033126534,0.006691123,0.445592021,0.547716857,0.622992067,0.341493713,0.035514219
,,,S2,0.823104147,0.03346413,0.143431724,0.493639412,0.412165097,0.094195491,0.522274373,0.120929899,0.356795729,0.06291722,0.658958208,0.278124572,0.027790786,0.44234578,0.529863433,0.867634798,0.110217857,0.022147345,0.148330062,0.455842547,0.395827391,0.989476071,0.00926373,0.001260199
,,,S3,0.528017476,0.454463862,0.017518662,0.736685047,0.064416998,0.198897955,0.581200908,0.202578818,0.216220274,0.72529853,0.080553748,0.194147722,0.31899264,0.580506931,0.100500429,0.482459347,0.454213697,0.063326956,0.057847337,0.762430272,0.179722391,0.932032297,0.067505954,0.000461748
,,,S4,0.016392348,0.904028046,0.079579605,0.435753107,0.160448543,0.40379835,0.263793895,0.611876811,0.124329293,0.862144442,0.112954602,0.024900956,0.677855181,0.30248992,0.019654899,0.806064693,0.190307205,0.003628102,0.296617637,0.259966981,0.443415383,0.272552345,0.709721881,0.017725773
,,,S5,0.994147186,0.004801319,0.001051495,0.597425857,0.110177722,0.292396421,0.104369193,0.165233998,0.730396809,0.788524183,0.034090749,0.177385067,0.838811252,0.017211582,0.143977166,0.690315141,0.276558325,0.033126534,0.006691123,0.445592021,0.547716857,0.622992067,0.341493713,0.035514219
,,,S6,0.94697289,0.017472652,0.035554458,0.000526651,0.494534341,0.504939008,0.851201016,0.108578398,0.040220586,0.72529853,0.080553748,0.194147722,0.31899264,0.580506931,0.100500429,0.482459347,0.454213697,0.063326956,0.057847337,0.762430272,0.179722391,0.932032297,0.067505954,0.000461748
,,,S7,0.815406459,0.172050561,0.01254298,0.675968346,0.072548463,0.25148319,0.205552356,0.31416164,0.480286004,0.198505836,0.65801315,0.143481014,0.158523362,0.452276854,0.389199784,0.32160322,0.642054195,0.036342584,0.238241786,0.234210069,0.527548144,0.976788574,0.007212438,0.015998988
,,,S8,0.594028398,0.389607506,0.016364096,0.354195326,0.108622212,0.537182463,0.221293205,0.122104045,0.65660275,0.907644555,0.014163589,0.078191856,0.902411879,0.008192061,0.08939606,0.690315141,0.276558325,0.033126534,0.006691123,0.445592021,0.547716857,0.989476071,0.00926373,0.001260199
,,,S9,0.528017476,0.454463862,0.017518662,0.736685047,0.064416998,0.198897955,0.263793895,0.611876811,0.124329293,0.862144442,0.112954602,0.024900956,0.677855181,0.30248992,0.019654899,0.806064693,0.190307205,0.003628102,0.296617637,0.259966981,0.443415383,0.272552345,0.709721881,0.017725773
,,,S10,0.90239246,0.03970237,0.05790517,0.139574366,0.650363901,0.210061733,0.104369193,0.165233998,0.730396809,0.788524183,0.034090749,0.177385067,0.838811252,0.017211582,0.143977166,0.690315141,0.276558325,0.033126534,0.006691123,0.445592021,0.547716857,0.622992067,0.341493713,0.035514219
,,,S11,0.994147186,0.004801319,0.001051495,0.597425857,0.110177722,0.292396421,0.362974141,0.531664088,0.105361771,0.009474272,0.750704377,0.239821351,0.230878338,0.004899017,0.764222645,0.639283007,0.078177461,0.282539532,0.524821033,0.348741852,0.126437115,0.774706533,0.142999983,0.082293484
,,,S12,0.94697289,0.017472652,0.035554458,0.000526651,0.494534341,0.504939008,0.851201016,0.108578398,0.040220586,0.72529853,0.080553748,0.194147722,0.31899264,0.580506931,0.100500429,0.32160322,0.642054195,0.036342584,0.238241786,0.234210069,0.527548144,0.976788574,0.007212438,0.015998988
,,,S13,0.815406459,0.172050561,0.01254298,0.675968346,0.072548463,0.25148319,0.205552356,0.31416164,0.480286004,0.198505836,0.65801315,0.143481014,0.158523362,0.452276854,0.389199784,0.482459347,0.454213697,0.063326956,0.057847337,0.762430272,0.179722391,0.932032297,0.067505954,0.000461748
,,,S14,0.951444243,0.020082754,0.028473003,0.544302015,0.309888382,0.145809603,0.194567878,0.758337761,0.047094361,0.490900659,0.420584243,0.088515098,0.287253057,0.029476267,0.683270676,0.784781605,0.186242539,0.028975856,0.651406658,0.066166767,0.282426575,0.304505901,0.546452498,0.149041601
,,,S15,0.331260261,0.541511056,0.127228683,0.544302015,0.309888382,0.145809603,0.194567878,0.758337761,0.047094361,0.490900659,0.420584243,0.088515098,0.287253057,0.029476267,0.683270676,0.806064693,0.190307205,0.003628102,0.11609976,0.631078419,0.252821821,0.765619051,0.038292574,0.196088375
,,,S16,0.4095428,0.536750381,0.053706819,0.59306785,0.221220244,0.185711906,0.522274373,0.120929899,0.356795729,0.06291722,0.658958208,0.278124572,0.027790786,0.44234578,0.529863433,0.867634798,0.110217857,0.022147345,0.148330062,0.455842547,0.395827391,0.989476071,0.00926373,0.001260199
,,,S17,0.94697289,0.017472652,0.035554458,0.000526651,0.494534341,0.504939008,0.851201016,0.108578398,0.040220586,0.847258558,0.084211925,0.068529517,0.09699784,0.471748112,0.431254048,0.379613497,0.270963661,0.349422842,0.269197917,0.702856613,0.027945469,0.607328404,0.060902905,0.331768691
90,180,3,S1,0.87257803,0.080733578,0.046688392,0.588668184,0.31513791,0.096193906,0.44396435,0.187529872,0.368505778,0.470768509,0.252642887,0.276588604,0.193484986,0.236538181,0.569976833,0.127780573,0.826925978,0.045293449,0.438196094,0.448750901,0.113053005,0.401317939,0.499039273,0.099642788
,,,S2,0.845654297,0.079694407,0.074651296,0.460682275,0.163756864,0.375560861,0.781901491,0.0947338,0.123364709,0.908502519,0.079103477,0.012394004,0.226207322,0.498565181,0.275227496,0.175344198,0.588569311,0.23608649,0.33346895,0.411850099,0.25468095,0.950247336,0.028676866,0.021075798
,,,S3,0.395921651,0.566202848,0.037875501,0.550110628,0.144232901,0.305656471,0.186211966,0.494141402,0.319646631,0.507621154,0.168585934,0.323792912,0.716856423,0.218896911,0.064246666,0.640062166,0.279612241,0.080325592,0.099466764,0.146632741,0.753900494,0.110238945,0.576093884,0.313667171
,,,S4,0.691660185,0.266637315,0.0417025,0.364564194,0.406505722,0.228930084,0.474536903,0.283123895,0.242339202,0.014081457,0.22065069,0.765267853,0.262932457,0.044930279,0.692137264,0.62530591,0.300135322,0.074558768,0.177912147,0.73332427,0.088763583,0.982926211,0.00108184,0.015991949
,,,S5,0.759023806,0.169744108,0.071232086,0.145916274,0.208983814,0.645099913,0.167380203,0.223728181,0.608891616,0.630385046,0.356457194,0.01315776,0.657866125,0.292307759,0.049826116,0.7395994,0.222599612,0.037800988,0.129549507,0.28913729,0.581313203,0.351377973,0.584404529,0.064217498
,,,S6,0.749923046,0.246376167,0.003700786,0.176748495,0.297937685,0.52531382,0.042229896,0.906304907,0.051465197,0.577557524,0.359929476,0.062512999,0.679415982,0.08398797,0.236596047,0.997998098,0.000976615,0.001025287,0.344706031,0.348275681,0.307018288,0.092667896,0.903808281,0.003523822
,,,S7,0.659020666,0.333792927,0.007186406,0.200162961,0.776544262,0.023292777,0.464660534,0.091194668,0.444144798,0.814696283,0.0621299,0.123173817,0.036328152,0.804400055,0.159271793,0.782429009,0.126300845,0.091270146,0.526298402,0.217456354,0.256245245,0.951720908,0.017012151,0.031266941
,,,S8,0.87257803,0.080733578,0.046688392,0.588668184,0.31513791,0.096193906,0.44396435,0.187529872,0.368505778,0.470768509,0.252642887,0.276588604,0.193484986,0.236538181,0.569976833,0.127780573,0.826925978,0.045293449,0.438196094,0.448750901,0.113053005,0.401317939,0.499039273,0.099642788
,,,S9,0.691660185,0.266637315,0.0417025,0.364564194,0.406505722,0.228930084,0.474536903,0.283123895,0.242339202,0.895301687,0.032048831,0.072649483,0.017866681,0.895616288,0.086517031,0.773499071,0.168202437,0.058298492,0.461593833,0.094426628,0.443979539,0.335096189,0.35371583,0.311187981
,,,S10,0.57238886,0.30141285,0.12619829,0.145916274,0.208983814,0.645099913,0.167380203,0.223728181,0.608891616,0.630385046,0.356457194,0.01315776,0.657866125,0.292307759,0.049826116,0.7395994,0.222599612,0.037800988,0.129549507,0.28913729,0.581313203,0.351377973,0.584404529,0.064217498
,,,S11,0.818190534,0.086650071,0.095159396,0.183733953,0.029968592,0.786297456,0.688247706,0.140426463,0.171325832,0.871913949,0.097454542,0.030631509,0.538614151,0.094914661,0.366471188,0.437926679,0.356028855,0.206044465,0.061879959,0.816797474,0.121322567,0.33401251,0.430746142,0.235241348
,,,S12,0.749923046,0.246376167,0.003700786,0.176748495,0.297937685,0.52531382,0.042229896,0.906304907,0.051465197,0.577557524,0.359929476,0.062512999,0.679415982,0.08398797,0.236596047,0.997998098,0.000976615,0.001025287,0.344706031,0.348275681,0.307018288,0.275559063,0.054994172,0.669446765
180,180,3,S1,0.167099588,0.669058345,0.163842067,0.025222,0.079153541,0.895624458,0.01052207,0.347873314,0.641604616,0.989860563,0.003625789,0.006513648,0.301522648,0.697287963,0.00118939,0.947108722,0.004894533,0.047996745,0.536283546,0.132411273,0.331305181,0.575708471,0.043339334,0.380952195
,,,S2,0.013372929,0.889252414,0.097374656,0.245946282,0.260897113,0.493156605,0.960080484,0.02125406,0.018665456,0.905293758,0.072981346,0.021724895,0.315916056,0.447787203,0.236296741,0.113126069,0.684153597,0.202720334,0.144195234,0.582802224,0.273002542,0.737918739,0.256267349,0.005813911
,,,S3,0.861828355,0.090272989,0.047898657,0.091924905,0.893973281,0.014101814,0.160821734,0.290571455,0.548606811,0.315479013,0.123115149,0.561405838,0.897205643,0.025942331,0.076852026,0.897330951,0.083780326,0.018888723,0.232169681,0.552642396,0.215187922,0.461628361,0.340788203,0.197583436
,,,S4,0.415540212,0.528955315,0.055504472,0.999736673,0.00017789,8.54375E-05,0.685764317,0.089392255,0.224843428,0.251060262,0.287926926,0.461012812,0.137433682,0.851188312,0.011378005,0.368338191,0.493977798,0.137684012,0.232277611,0.026058431,0.741663958,0.449525352,0.337483014,0.212991633
,,,S5,0.811253894,0.176536834,0.012209272,0.838211642,0.131104914,0.030683444,0.337235404,0.593619951,0.069144644,0.694765957,0.148688563,0.15654548,0.321292265,0.413253271,0.265454464,0.412598349,0.064174164,0.523227487,0.83233619,0.143876083,0.023787727,0.551183957,0.194286049,0.254529994
,,,S6,0.679231274,0.273462029,0.047306697,0.839221203,0.148082066,0.012696731,0.345976688,0.602338985,0.051684327,0.30879504,0.64108878,0.05011618,0.816934582,0.105594226,0.077471192,0.72729673,0.258753196,0.013950074,0.153711185,0.019768949,0.826519866,0.197962885,0.40432475,0.397712365
,,,S7,0.699048667,0.296698832,0.004252501,0.535469507,0.169927784,0.294602709,0.439262368,0.513433932,0.0473037,0.100676852,0.425746604,0.473576544,0.359474086,0.580137874,0.06038804,0.104727543,0.777470657,0.117801801,0.276845073,0.077232422,0.645922505,0.813006587,0.162396256,0.024597157
,,,S8,0.767419101,0.163623708,0.068957191,0.11732346,0.520885627,0.361790913,0.69549978,0.090291584,0.214208636,0.892268897,0.053580067,0.054151036,0.540769594,0.25568311,0.203547296,0.654726865,0.035491916,0.309781219,0.139354272,0.371634591,0.489011137,0.300046903,0.231719931,0.468233166
,,,S9,0.855969213,0.136125195,0.007905592,0.367016846,0.085978617,0.547004538,0.876946391,0.114504535,0.008549074,0.281474095,0.697602788,0.020923117,0.183720526,0.688511178,0.127768296,0.149265467,0.783701211,0.067033322,0.631490794,0.046898383,0.321610823,0.252460695,0.391146656,0.356392649
,,,S10,0.30098902,0.647138379,0.051872601,0.74343746,0.015221283,0.241341257,0.276723378,0.593859162,0.12941746,0.082468109,0.914040393,0.003491497,0.849570228,0.067950032,0.082479739,0.595065029,0.179929129,0.225005841,0.010825617,0.118567757,0.870606627,0.284059079,0.31186287,0.404078051
,,,S11,0.963603842,0.034577493,0.001818665,0.095918036,0.349272232,0.554809732,0.994585571,0.001958531,0.003455898,0.922665394,0.000748188,0.076586418,0.104279462,0.426803241,0.468917297,0.612135443,0.124414501,0.263450056,0.185267866,0.423223136,0.391508998,0.520136052,0.229515631,0.250348317
,,,S12,0.859114307,0.029772747,0.111112946,0.37247552,0.606050423,0.021474057,0.449860011,0.158890157,0.391249832,0.281948786,0.57982258,0.138228635,0.010111679,0.904401484,0.085486837,0.846786562,0.044687334,0.108526104,0.864149605,0.034194783,0.101655612,0.793449523,0.110454863,0.096095614
,,,S13,0.450049341,0.501532435,0.048418224,0.747287039,0.089092692,0.163620269,0.178606419,0.633376673,0.188016907,0.117758294,0.567928685,0.314313021,0.410550905,0.144029475,0.44541962,0.117513056,0.314720413,0.567766531,0.716010166,0.215805464,0.06818437,0.14354519,0.841436958,0.015017851
,,,S14,0.413624338,0.549250453,0.037125209,0.739599374,0.258196423,0.002204203,0.69726811,0.096396068,0.206335822,0.902778168,0.067589115,0.029632717,0.240395853,0.095515338,0.664088809,0.855719528,0.022101839,0.122178633,0.268067465,0.560254522,0.171678013,0.884012753,0.029642936,0.086344311
10,360,3,S1,0.560169648,0.061125059,0.378705293,0.753059117,0.129588516,0.117352368,0.523637551,0.454151599,0.02221085,0.480222391,0.173461987,0.346315622,0.251114416,0.334267249,0.414618335,0.141166987,0.732069889,0.126763124,0.667196404,0.233126063,0.099677533,0.997228388,0.002178082,0.00059353
,,,S2,0.560169648,0.061125059,0.378705293,0.753059117,0.129588516,0.117352368,0.224466853,0.004379531,0.771153616,0.480222391,0.173461987,0.346315622,0.251114416,0.334267249,0.414618335,0.141166987,0.732069889,0.126763124,0.667196404,0.233126063,0.099677533,0.997228388,0.002178082,0.00059353
,,,S3,0.560169648,0.061125059,0.378705293,0.058511644,0.542111663,0.399376693,0.012074142,0.110164421,0.877761437,0.428097475,0.462953662,0.108948863,0.386558772,0.265198123,0.348243105,0.962098646,0.02185595,0.016045403,0.068002709,0.43552284,0.496474451,0.997228388,0.002178082,0.00059353
,,,S4,0.560169648,0.061125059,0.378705293,0.502416271,0.380051263,0.117532465,0.523637551,0.454151599,0.02221085,0.428097475,0.462953662,0.108948863,0.386558772,0.265198123,0.348243105,0.962098646,0.02185595,0.016045403,0.068002709,0.43552284,0.496474451,0.997228388,0.002178082,0.00059353
,,,S5,0.560169648,0.061125059,0.378705293,0.502416271,0.380051263,0.117532465,0.012074142,0.110164421,0.877761437,0.428097475,0.462953662,0.108948863,0.386558772,0.265198123,0.348243105,0.354574005,0.027300598,0.618125397,0.356415165,0.473636559,0.169948276,0.997228388,0.002178082,0.00059353
,,,S6,0.560169648,0.061125059,0.378705293,0.502416271,0.380051263,0.117532465,0.523637551,0.454151599,0.02221085,0.480222391,0.173461987,0.346315622,0.251114416,0.334267249,0.414618335,0.962098646,0.02185595,0.016045403,0.068002709,0.43552284,0.496474451,0.997228388,0.002178082,0.00059353
,,,S7,0.560169648,0.061125059,0.378705293,0.753059117,0.129588516,0.117352368,0.224466853,0.004379531,0.771153616,0.480222391,0.173461987,0.346315622,0.251114416,0.334267249,0.414618335,0.141166987,0.732069889,0.126763124,0.667196404,0.233126063,0.099677533,0.997228388,0.002178082,0.00059353
,,,S8,0.560169648,0.061125059,0.378705293,0.502416271,0.380051263,0.117532465,0.523637551,0.454151599,0.02221085,0.428097475,0.462953662,0.108948863,0.386558772,0.265198123,0.348243105,0.962098646,0.02185595,0.016045403,0.068002709,0.43552284,0.496474451,0.997228388,0.002178082,0.00059353
30,360,3,S1,0.630617103,0.262081294,0.107301604,0.1564628,0.68923837,0.15429883,0.515403515,0.13919029,0.345406195,0.942117088,0.053274009,0.004608903,0.107720715,0.85702719,0.035252095,0.744702822,0.24989287,0.005404309,0.963679444,0.007869797,0.028450759,0.863797673,0.020814853,0.115387474
,,,S2,0.864424584,0.09435132,0.041224095,0.87549786,0.051544619,0.072957522,0.475520716,0.347077712,0.177401572,0.72933972,0.059285464,0.211374816,0.107720715,0.85702719,0.035252095,0.744702822,0.24989287,0.005404309,0.963679444,0.007869797,0.028450759,0.541616894,0.137474487,0.320908619
,,,S3,0.864424584,0.09435132,0.041224095,0.87549786,0.051544619,0.072957522,0.475520716,0.347077712,0.177401572,0.72933972,0.059285464,0.211374816,0.513426538,0.470064084,0.016509379,0.277509021,0.115815941,0.606675038,0.106432785,0.692347866,0.201219349,0.468062528,0.204036547,0.327900925
,,,S4,0.864424584,0.09435132,0.041224095,0.87549786,0.051544619,0.072957522,0.515403515,0.13919029,0.345406195,0.942117088,0.053274009,0.004608903,0.107720715,0.85702719,0.035252095,0.744702822,0.24989287,0.005404309,0.963679444,0.007869797,0.028450759,0.541616894,0.137474487,0.320908619
,,,S5,0.864424584,0.09435132,0.041224095,0.87549786,0.051544619,0.072957522,0.475520716,0.347077712,0.177401572,0.72933972,0.059285464,0.211374816,0.107720715,0.85702719,0.035252095,0.744702822,0.24989287,0.005404309,0.963679444,0.007869797,0.028450759,0.541616894,0.137474487,0.320908619
,,,S6,0.419851398,0.487917891,0.092230711,0.866095337,0.001235935,0.132668728,0.515403515,0.13919029,0.345406195,0.942117088,0.053274009,0.004608903,0.107720715,0.85702719,0.035252095,0.744702822,0.24989287,0.005404309,0.963679444,0.007869797,0.028450759,0.863797673,0.020814853,0.115387474
,,,S7,0.864424584,0.09435132,0.041224095,0.87549786,0.051544619,0.072957522,0.475520716,0.347077712,0.177401572,0.72933972,0.059285464,0.211374816,0.513426538,0.470064084,0.016509379,0.277509021,0.115815941,0.606675038,0.106432785,0.692347866,0.201219349,0.468062528,0.204036547,0.327900925
,,,S8,0.824830619,0.108475685,0.066693696,0.612783909,0.073971141,0.31324495,0.254739323,0.294141042,0.451119634,0.929570098,0.001854881,0.068575022,0.707297,0.032603227,0.260099773,0.899058994,0.001830075,0.099110931,0.057519571,0.622251697,0.320228733,0.468062528,0.204036547,0.327900925
,,,S9,0.864424584,0.09435132,0.041224095,0.87549786,0.051544619,0.072957522,0.475520716,0.347077712,0.177401572,0.72933972,0.059285464,0.211374816,0.107720715,0.85702719,0.035252095,0.744702822,0.24989287,0.005404309,0.963679444,0.007869797,0.028450759,0.541616894,0.137474487,0.320908619
,,,S10,0.864424584,0.09435132,0.041224095,0.87549786,0.051544619,0.072957522,0.475520716,0.347077712,0.177401572,0.72933972,0.059285464,0.211374816,0.107720715,0.85702719,0.035252095,0.744702822,0.24989287,0.005404309,0.963679444,0.007869797,0.028450759,0.541616894,0.137474487,0.320908619
,,,S11,0.419851398,0.487917891,0.092230711,0.866095337,0.001235935,0.132668728,0.515403515,0.13919029,0.345406195,0.942117088,0.053274009,0.004608903,0.107720715,0.85702719,0.035252095,0.744702822,0.24989287,0.005404309,0.963679444,0.007869797,0.028450759,0.863797673,0.020814853,0.115387474
,,,S12,0.864424584,0.09435132,0.041224095,0.87549786,0.051544619,0.072957522,0.475520716,0.347077712,0.177401572,0.72933972,0.059285464,0.211374816,0.513426538,0.470064084,0.016509379,0.277509021,0.115815941,0.606675038,0.106432785,0.692347866,0.201219349,0.843080651,0.074907433,0.082011916
,,,S13,0.630617103,0.262081294,0.107301604,0.1564628,0.68923837,0.15429883,0.515403515,0.13919029,0.345406195,0.942117088,0.053274009,0.004608903,0.107720715,0.85702719,0.035252095,0.744702822,0.24989287,0.005404309,0.963679444,0.007869797,0.028450759,0.863797673,0.020814853,0.115387474
,,,S14,0.630617103,0.262081294,0.107301604,0.1564628,0.68923837,0.15429883,0.511581066,0.472444505,0.015974429,0.942117088,0.053274009,0.004608903,0.107720715,0.85702719,0.035252095,0.744702822,0.24989287,0.005404309,0.963679444,0.007869797,0.028450759,0.863797673,0.020814853,0.115387474
,,,S15,0.930051963,0.060427104,0.009520933,0.166608899,0.743654448,0.089736653,0.099134798,0.111288652,0.78957655,0.125677058,0.681384152,0.19293879,0.346534785,0.110863579,0.542601635,0.620093874,0.026976921,0.352929205,0.706847817,0.192475868,0.100676316,0.843080651,0.074907433,0.082011916
,,,S16,0.864424584,0.09435132,0.041224095,0.87549786,0.051544619,0.072957522,0.511581066,0.472444505,0.015974429,0.773062752,0.183754956,0.043182292,0.020622964,0.285839589,0.693537447,0.607107182,0.006158885,0.386733933,0.483140891,0.380308806,0.136550303,0.617464417,0.358620192,0.023915391
,,,S17,0.930051963,0.060427104,0.009520933,0.166608899,0.743654448,0.089736653,0.099134798,0.111288652,0.78957655,0.125677058,0.681384152,0.19293879,0.346534785,0.110863579,0.542601635,0.620093874,0.026976921,0.352929205,0.706847817,0.192475868,0.100676316,0.972298376,0.004844298,0.022857326
,,,S18,0.930051963,0.060427104,0.009520933,0.166608899,0.743654448,0.089736653,0.099134798,0.111288652,0.78957655,0.125677058,0.681384152,0.19293879,0.346534785,0.110863579,0.542601635,0.620093874,0.026976921,0.352929205,0.483140891,0.380308806,0.136550303,0.617464417,0.358620192,0.023915391
,,,S19,0.864424584,0.09435132,0.041224095,0.87549786,0.051544619,0.072957522,0.511581066,0.472444505,0.015974429,0.773062752,0.183754956,0.043182292,0.020622964,0.285839589,0.693537447,0.607107182,0.006158885,0.386733933,0.483140891,0.380308806,0.136550303,0.972298376,0.004844298,0.022857326
,,,S20,0.930051963,0.060427104,0.009520933,0.166608899,0.743654448,0.089736653,0.099134798,0.111288652,0.78957655,0.125677058,0.681384152,0.19293879,0.346534785,0.110863579,0.542601635,0.620093874,0.026976921,0.352929205,0.706847817,0.192475868,0.100676316,0.617464417,0.358620192,0.023915391
,,,S21,0.930051963,0.060427104,0.009520933,0.166608899,0.743654448,0.089736653,0.099134798,0.111288652,0.78957655,0.125677058,0.681384152,0.19293879,0.346534785,0.110863579,0.542601635,0.620093874,0.026976921,0.352929205,0.706847817,0.192475868,0.100676316,0.972298376,0.004844298,0.022857326
,,,S22,0.824830619,0.108475685,0.066693696,0.612783909,0.073971141,0.31324495,0.254739323,0.294141042,0.451119634,0.929570098,0.001854881,0.068575022,0.707297,0.032603227,0.260099773,0.899058994,0.001830075,0.099110931,0.057519571,0.622251697,0.320228733,0.468062528,0.204036547,0.327900925
,,,S23,0.895920401,0.084481369,0.01959823,0.866095337,0.001235935,0.132668728,0.511581066,0.472444505,0.015974429,0.773062752,0.183754956,0.043182292,0.020622964,0.285839589,0.693537447,0.899058994,0.001830075,0.099110931,0.057519571,0.622251697,0.320228733,0.863797673,0.020814853,0.115387474
,,,S24,0.864424584,0.09435132,0.041224095,0.87549786,0.051544619,0.072957522,0.475520716,0.347077712,0.177401572,0.72933972,0.059285464,0.211374816,0.020622964,0.285839589,0.693537447,0.620093874,0.026976921,0.352929205,0.483140891,0.380308806,0.136550303,0.617464417,0.358620192,0.023915391
,,,S25,0.930051963,0.060427104,0.009520933,0.166608899,0.743654448,0.089736653,0.099134798,0.111288652,0.78957655,0.773062752,0.183754956,0.043182292,0.020622964,0.285839589,0.693537447,0.607107182,0.006158885,0.386733933,0.483140891,0.380308806,0.136550303,0.972298376,0.004844298,0.022857326
,,,S26,0.824830619,0.108475685,0.066693696,0.612783909,0.073971141,0.31324495,0.254739323,0.294141042,0.451119634,0.929570098,0.001854881,0.068575022,0.707297,0.032603227,0.260099773,0.899058994,0.001830075,0.099110931,0.057519571,0.622251697,0.320228733,0.972298376,0.004844298,0.022857326
,,,S27,0.895920401,0.084481369,0.01959823,0.866095337,0.001235935,0.132668728,0.511581066,0.472444505,0.015974429,0.773062752,0.183754956,0.043182292,0.020622964,0.285839589,0.693537447,0.899058994,0.001830075,0.099110931,0.057519571,0.622251697,0.320228733,0.617464417,0.358620192,0.023915391
60,360,3,S1,0.834129597,0.138750148,0.027120255,0.288069674,0.668031645,0.043898681,0.364778691,0.272676556,0.362544753,0.99847893,0.000192713,0.001328357,0.33735516,0.65470679,0.00793805,0.188058227,0.560131799,0.251809974,0.274520071,0.659652505,0.065827424,0.241681501,0.557028122,0.201290377
,,,S2,0.834129597,0.138750148,0.027120255,0.288069674,0.668031645,0.043898681,0.364778691,0.272676556,0.362544753,0.99847893,0.000192713,0.001328357,0.33735516,0.65470679,0.00793805,0.188058227,0.560131799,0.251809974,0.274520071,0.659652505,0.065827424,0.241681501,0.557028122,0.201290377
,,,S3,0.521009181,0.394610377,0.084380442,0.028305722,0.913667453,0.058026824,0.919722369,0.070871341,0.00940629,0.940710385,0.055657925,0.00363169,0.141218421,0.239655439,0.61912614,0.839767105,0.065793878,0.094439017,0.278579243,0.384830999,0.336589759,0.425408345,0.325076305,0.24951535
,,,S4,0.900107038,0.024948659,0.074944303,0.436055522,0.216151581,0.347792897,0.975624699,0.003640815,0.020734486,0.564675615,0.409075127,0.026249258,0.57088412,0.104227055,0.324888825,0.315452945,0.488074439,0.196472616,0.006712909,0.967418821,0.025868271,0.765543239,0.008541884,0.225914877
,,,S5,0.834129597,0.138750148,0.027120255,0.288069674,0.668031645,0.043898681,0.364778691,0.272676556,0.362544753,0.99847893,0.000192713,0.001328357,0.33735516,0.65470679,0.00793805,0.188058227,0.560131799,0.251809974,0.274520071,0.659652505,0.065827424,0.241681501,0.557028122,0.201290377
,,,S6,0.950399283,0.004006709,0.045594008,0.386691761,0.230382302,0.382925937,0.190164348,0.381823058,0.428012594,0.763208221,0.155259508,0.081532271,0.513301761,0.329130205,0.157568034,0.644579361,0.225428393,0.129992246,0.230997388,0.122164048,0.646838563,0.798477046,0.140407627,0.061115327
,,,S7,0.864371598,0.040922211,0.094706191,0.190584345,0.52268079,0.286734865,0.931453198,0.042310322,0.026236481,0.664616423,0.000326935,0.335056642,0.24233213,0.296677702,0.460990168,0.527393849,0.073615559,0.398990592,0.172595448,0.601633945,0.225770607,0.762607457,0.192615981,0.044776562
,,,S8,0.409692908,0.538442067,0.051865025,0.001332884,0.613634754,0.385032361,0.573952892,0.329217063,0.096830045,0.966995513,0.000681093,0.032323394,0.705105441,0.217991518,0.076903041,0.861913174,0.066778037,0.071308789,0.080472781,0.235892436,0.683634784,0.12257333,0.534694381,0.342732289
,,,S9,0.900107038,0.024948659,0.074944303,0.436055522,0.216151581,0.347792897,0.975624699,0.003640815,0.020734486,0.940710385,0.055657925,0.00363169,0.141218421,0.239655439,0.61912614,0.839767105,0.065793878,0.094439017,0.278579243,0.384830999,0.336589759,0.425408345,0.325076305,0.24951535
,,,S10,0.834129597,0.138750148,0.027120255,0.288069674,0.668031645,0.043898681,0.364778691,0.272676556,0.362544753,0.99847893,0.000192713,0.001328357,0.085710944,0.430446522,0.483842534,0.235643358,0.486638357,0.277718285,0.591199118,0.194030897,0.214769985,0.265245649,0.709181241,0.02557311
,,,S11,0.659955118,0.317453502,0.02259138,0.64855538,0.180835292,0.170609328,0.433154596,0.548930475,0.017914929,0.766601549,0.010245199,0.223153251,0.243263196,0.178395048,0.578341756,0.998809082,0.000345665,0.000845254,0.144465248,0.76064684,0.094887912,0.263652608,0.065804168,0.670543224
,,,S12,0.772750016,0.186466853,0.040783131,0.695931277,0.182848287,0.121220436,0.11618594,0.100093156,0.783720904,0.841847601,0.049029577,0.109122822,0.663102921,0.231740604,0.105156475,0.998809082,0.000345665,0.000845254,0.144465248,0.76064684,0.094887912,0.263652608,0.065804168,0.670543224
,,,S13,0.900107038,0.024948659,0.074944303,0.436055522,0.216151581,0.347792897,0.975624699,0.003640815,0.020734486,0.940710385,0.055657925,0.00363169,0.141218421,0.239655439,0.61912614,0.839767105,0.065793878,0.094439017,0.278579243,0.384830999,0.336589759,0.425408345,0.325076305,0.24951535
,,,S14,0.834129597,0.138750148,0.027120255,0.288069674,0.668031645,0.043898681,0.364778691,0.272676556,0.362544753,0.792468823,0.165492913,0.042038265,0.085710944,0.430446522,0.483842534,0.235643358,0.486638357,0.277718285,0.591199118,0.194030897,0.214769985,0.265245649,0.709181241,0.02557311
,,,S15,0.950399283,0.004006709,0.045594008,0.343731616,0.32129871,0.334969674,0.458869299,0.355932308,0.185198393,0.99847893,0.000192713,0.001328357,0.33735516,0.65470679,0.00793805,0.188058227,0.560131799,0.251809974,0.274520071,0.659652505,0.065827424,0.241681501,0.557028122,0.201290377
,,,S16,0.950399283,0.004006709,0.045594008,0.386691761,0.230382302,0.382925937,0.190164348,0.381823058,0.428012594,0.763208221,0.155259508,0.081532271,0.513301761,0.329130205,0.157568034,0.527393849,0.073615559,0.398990592,0.172595448,0.601633945,0.225770607,0.762607457,0.192615981,0.044776562
,,,S17,0.409692908,0.538442067,0.051865025,0.001332884,0.613634754,0.385032361,0.573952892,0.329217063,0.096830045,0.966995513,0.000681093,0.032323394,0.705105441,0.217991518,0.076903041,0.861913174,0.066778037,0.071308789,0.080472781,0.235892436,0.683634784,0.723658498,0.237694662,0.03864684
,,,S18,0.900107038,0.024948659,0.074944303,0.436055522,0.216151581,0.347792897,0.975624699,0.003640815,0.020734486,0.940710385,0.055657925,0.00363169,0.141218421,0.239655439,0.61912614,0.839767105,0.065793878,0.094439017,0.278579243,0.384830999,0.336589759,0.265245649,0.709181241,0.02557311
,,,S19,0.988853056,0.005174794,0.00597215,0.375190308,0.197060271,0.427749422,0.234701264,0.371543131,0.393755605,0.851984471,0.122606518,0.025409011,0.129640224,0.412082153,0.458277623,0.694531197,0.250140473,0.05532833,0.423378977,0.392489545,0.184131478,0.723658498,0.237694662,0.03864684
,,,S20,0.409692908,0.538442067,0.051865025,0.001332884,0.613634754,0.385032361,0.573952892,0.329217063,0.096830045,0.966995513,0.000681093,0.032323394,0.705105441,0.217991518,0.076903041,0.861913174,0.066778037,0.071308789,0.080472781,0.235892436,0.683634784,0.125114324,0.754590699,0.120294977
,,,S21,0.950399283,0.004006709,0.045594008,0.386691761,0.230382302,0.382925937,0.190164348,0.381823058,0.428012594,0.763208221,0.155259508,0.081532271,0.290146189,0.457465124,0.252388687,0.86294026,0.03161314,0.1054466,0.501193414,0.223291485,0.2755151,0.813774708,0.132513001,0.053712291
,,,S22,0.521009181,0.394610377,0.084380442,0.343731616,0.32129871,0.334969674,0.458869299,0.355932308,0.185198393,0.792468823,0.165492913,0.042038265,0.085710944,0.430446522,0.483842534,0.527393849,0.073615559,0.398990592,0.172595448,0.601633945,0.225770607,0.762607457,0.192615981,0.044776562
,,,S23,0.834129597,0.138750148,0.027120255,0.288069674,0.668031645,0.043898681,0.364778691,0.272676556,0.362544753,0.851984471,0.122606518,0.025409011,0.129640224,0.412082153,0.458277623,0.694531197,0.250140473,0.05532833,0.423378977,0.392489545,0.184131478,0.723658498,0.237694662,0.03864684
,,,S24,0.900107038,0.024948659,0.074944303,0.436055522,0.216151581,0.347792897,0.975624699,0.003640815,0.020734486,0.564675615,0.409075127,0.026249258,0.57088412,0.104227055,0.324888825,0.315452945,0.488074439,0.196472616,0.006712909,0.967418821,0.025868271,0.425408345,0.325076305,0.24951535
,,,S25,0.950399283,0.004006709,0.045594008,0.190584345,0.52268079,0.286734865,0.931453198,0.042310322,0.026236481,0.664616423,0.000326935,0.335056642,0.24233213,0.296677702,0.460990168,0.527393849,0.073615559,0.398990592,0.172595448,0.601633945,0.225770607,0.762607457,0.192615981,0.044776562
,,,S26,0.864371598,0.040922211,0.094706191,0.386691761,0.230382302,0.382925937,0.190164348,0.381823058,0.428012594,0.763208221,0.155259508,0.081532271,0.513301761,0.329130205,0.157568034,0.644579361,0.225428393,0.129992246,0.230997388,0.122164048,0.646838563,0.798477046,0.140407627,0.061115327
,,,S27,0.409692908,0.538442067,0.051865025,0.001332884,0.613634754,0.385032361,0.573952892,0.329217063,0.096830045,0.966995513,0.000681093,0.032323394,0.705105441,0.217991518,0.076903041,0.861913174,0.066778037,0.071308789,0.080472781,0.235892436,0.683634784,0.12257333,0.534694381,0.342732289
,,,S28,0.834129597,0.138750148,0.027120255,0.288069674,0.668031645,0.043898681,0.364778691,0.272676556,0.362544753,0.851984471,0.122606518,0.025409011,0.129640224,0.412082153,0.458277623,0.694531197,0.250140473,0.05532833,0.423378977,0.392489545,0.184131478,0.723658498,0.237694662,0.03864684
,,,S29,0.772750016,0.186466853,0.040783131,0.695931277,0.182848287,0.121220436,0.11618594,0.100093156,0.783720904,0.841847601,0.049029577,0.109122822,0.663102921,0.231740604,0.105156475,0.998809082,0.000345665,0.000845254,0.144465248,0.76064684,0.094887912,0.263652608,0.065804168,0.670543224
,,,S30,0.834129597,0.138750148,0.027120255,0.127630451,0.712006544,0.160363004,0.953017938,0.046576629,0.000405434,0.851984471,0.122606518,0.025409011,0.129640224,0.412082153,0.458277623,0.694531197,0.250140473,0.05532833,0.423378977,0.392489545,0.184131478,0.723658498,0.237694662,0.03864684
,,,S31,0.834129597,0.138750148,0.027120255,0.436055522,0.216151581,0.347792897,0.975624699,0.003640815,0.020734486,0.940710385,0.055657925,0.00363169,0.141218421,0.239655439,0.61912614,0.839767105,0.065793878,0.094439017,0.278579243,0.384830999,0.336589759,0.425408345,0.325076305,0.24951535
,,,S32,0.900107038,0.024948659,0.074944303,0.436055522,0.216151581,0.347792897,0.975624699,0.003640815,0.020734486,0.940710385,0.055657925,0.00363169,0.141218421,0.239655439,0.61912614,0.861913174,0.066778037,0.071308789,0.080472781,0.235892436,0.683634784,0.723658498,0.237694662,0.03864684
,,,S33,0.988853056,0.005174794,0.00597215,0.375190308,0.197060271,0.427749422,0.234701264,0.371543131,0.393755605,0.851984471,0.122606518,0.025409011,0.129640224,0.412082153,0.458277623,0.694531197,0.250140473,0.05532833,0.423378977,0.392489545,0.184131478,0.723658498,0.237694662,0.03864684
,,,S34,0.409692908,0.538442067,0.051865025,0.001332884,0.613634754,0.385032361,0.573952892,0.329217063,0.096830045,0.966995513,0.000681093,0.032323394,0.705105441,0.217991518,0.076903041,0.861913174,0.066778037,0.071308789,0.080472781,0.235892436,0.683634784,0.125114324,0.754590699,0.120294977
,,,S35,0.521009181,0.394610377,0.084380442,0.343731616,0.32129871,0.334969674,0.11618594,0.100093156,0.783720904,0.841847601,0.049029577,0.109122822,0.663102921,0.231740604,0.105156475,0.998809082,0.000345665,0.000845254,0.144465248,0.76064684,0.094887912,0.241681501,0.557028122,0.201290377
,,,S36,0.229219917,0.758165084,0.012614999,0.332967104,0.268817922,0.398214974,0.458869299,0.355932308,0.185198393,0.792468823,0.165492913,0.042038265,0.085710944,0.430446522,0.483842534,0.527393849,0.073615559,0.398990592,0.172595448,0.601633945,0.225770607,0.762607457,0.192615981,0.044776562
,,,S37,0.988853056,0.005174794,0.00597215,0.375190308,0.197060271,0.427749422,0.58891488,0.29277668,0.11830844,0.86048853,0.040282293,0.099229177,0.705105441,0.217991518,0.076903041,0.861913174,0.066778037,0.071308789,0.080472781,0.235892436,0.683634784,0.425408345,0.325076305,0.24951535
,,,S38,0.950399283,0.004006709,0.045594008,0.386691761,0.230382302,0.382925937,0.252128495,0.292328713,0.455542792,0.363403893,0.429382511,0.207213595,0.457103144,0.254246836,0.28865002,0.766865051,0.092613164,0.140521785,0.172595448,0.601633945,0.225770607,0.762607457,0.192615981,0.044776562
,,,S39,0.409692908,0.538442067,0.051865025,0.001332884,0.613634754,0.385032361,0.573952892,0.329217063,0.096830045,0.966995513,0.000681093,0.032323394,0.141218421,0.239655439,0.61912614,0.839767105,0.065793878,0.094439017,0.278579243,0.384830999,0.336589759,0.12257333,0.534694381,0.342732289
,,,S40,0.900107038,0.024948659,0.074944303,0.436055522,0.216151581,0.347792897,0.975624699,0.003640815,0.020734486,0.564675615,0.409075127,0.026249258,0.57088412,0.104227055,0.324888825,0.315452945,0.488074439,0.196472616,0.006712909,0.967418821,0.025868271,0.116413588,0.563959387,0.319627025
,,,S41,0.659955118,0.317453502,0.02259138,0.001332884,0.613634754,0.385032361,0.573952892,0.329217063,0.096830045,0.966995513,0.000681093,0.032323394,0.705105441,0.217991518,0.076903041,0.861913174,0.066778037,0.071308789,0.080472781,0.235892436,0.683634784,0.425408345,0.325076305,0.24951535
,,,S42,0.834129597,0.138750148,0.027120255,0.288069674,0.668031645,0.043898681,0.364778691,0.272676556,0.362544753,0.99847893,0.000192713,0.001328357,0.33735516,0.65470679,0.00793805,0.269633006,0.56313634,0.167230654,0.11626601,0.471733399,0.412000591,0.009925203,0.796624734,0.193450062
90,360,3,S1,0.887276286,0.087960898,0.024762817,0.893922847,0.016134773,0.08994238,0.469495289,0.47656858,0.053936131,0.035801156,0.224442773,0.739756071,0.780577912,0.036500586,0.182921502,0.77299525,0.212104365,0.014900386,0.056881841,0.322755628,0.620362531,0.920861448,0.061253695,0.017884856
,,,S2,0.823953178,0.137062069,0.038984752,0.78704738,0.158031112,0.054921507,0.657444786,0.257049418,0.085505796,0.877740818,0.045011602,0.07724758,0.194941805,0.498367891,0.306690304,0.057173407,0.476277706,0.466548887,0.29219591,0.636416142,0.071387949,0.445040365,0.072230596,0.482729039
,,,S3,0.92858613,0.016251668,0.055162202,0.758484703,0.207293249,0.034222048,0.119695478,0.619663564,0.260640958,0.345520806,0.411416441,0.243062753,0.325349406,0.290436836,0.384213758,0.028537677,0.871579569,0.099882754,0.578476678,0.145998362,0.27552496,0.908740012,0.034121545,0.057138443
,,,S4,0.887276286,0.087960898,0.024762817,0.893922847,0.016134773,0.08994238,0.469495289,0.47656858,0.053936131,0.035801156,0.224442773,0.739756071,0.780577912,0.036500586,0.182921502,0.77299525,0.212104365,0.014900386,0.056881841,0.322755628,0.620362531,0.920861448,0.061253695,0.017884856
,,,S5,0.414166899,0.405581759,0.180251342,0.510230565,0.193397615,0.29637182,0.355541998,0.365632118,0.278825883,0.388777175,0.068457827,0.542764998,0.560334211,0.131283402,0.308382386,0.737857706,0.055622274,0.206520019,0.310619319,0.496147281,0.193233399,0.8036477,0.071450068,0.124902232
,,,S6,0.998614976,0.000611733,0.000773292,0.830584272,0.096091026,0.073324702,0.129857344,0.534918435,0.335224221,0.365215065,0.332526072,0.302258862,0.398073504,0.39979859,0.202127907,0.679454484,0.248845662,0.071699855,0.355603987,0.210271968,0.434124045,0.856167033,0.101176246,0.04265672
,,,S7,0.887425458,0.111640326,0.000934216,0.572111003,0.090057237,0.337831761,0.516609084,0.375403836,0.107987079,0.554701271,0.043355908,0.401942821,0.30047138,0.358122345,0.341406274,0.628712885,0.143247875,0.228039239,0.163303148,0.579639361,0.257057491,0.699736188,0.128721792,0.17154202
,,,S8,0.823953178,0.137062069,0.038984752,0.78704738,0.158031112,0.054921507,0.657444786,0.257049418,0.085505796,0.877740818,0.045011602,0.07724758,0.194941805,0.498367891,0.306690304,0.057173407,0.476277706,0.466548887,0.310619319,0.496147281,0.193233399,0.8036477,0.071450068,0.124902232
,,,S9,0.314317918,0.644379505,0.041302577,0.603741273,0.189207237,0.207051489,0.063047099,0.800652896,0.136300005,0.833733157,0.024502873,0.14176397,0.172770519,0.094598185,0.732631295,0.497839833,0.44390472,0.058255446,0.900559789,0.003824406,0.095615805,0.527240803,0.342377361,0.130381836
,,,S10,0.930493354,0.00854554,0.060961107,0.826059516,0.134613193,0.039327291,0.679568191,0.115152632,0.205279177,0.694602043,0.201760582,0.103637375,0.470648589,0.234198697,0.295152714,0.573459422,0.220466698,0.20607388,0.053229707,0.910840773,0.03592952,0.511539849,0.453610401,0.03484975
,,,S11,0.845564602,0.055996111,0.098439287,0.48790847,0.051413111,0.460678419,0.152985339,0.123153573,0.723861088,0.768230185,0.099010552,0.132759263,0.006608051,0.607113203,0.386278746,0.89908072,0.02610549,0.074813789,0.699466603,0.206572533,0.093960863,0.267554554,0.686715591,0.045729855
,,,S12,0.887276286,0.087960898,0.024762817,0.893922847,0.016134773,0.08994238,0.173188689,0.550927754,0.275883556,0.136682922,0.565210182,0.298106895,0.061466314,0.102806487,0.835727199,0.277217868,0.463484546,0.259297585,0.447510419,0.529345449,0.023144133,0.938564457,0.015630341,0.045805201
,,,S13,0.823953178,0.137062069,0.038984752,0.78704738,0.158031112,0.054921507,0.129857344,0.534918435,0.335224221,0.833733157,0.024502873,0.14176397,0.172770519,0.094598185,0.732631295,0.497839833,0.44390472,0.058255446,0.900559789,0.003824406,0.095615805,0.527240803,0.342377361,0.130381836
,,,S14,0.998614976,0.000611733,0.000773292,0.830584272,0.096091026,0.073324702,0.657444786,0.257049418,0.085505796,0.877740818,0.045011602,0.07724758,0.194941805,0.498367891,0.306690304,0.057173407,0.476277706,0.466548887,0.29219591,0.636416142,0.071387949,0.445040365,0.072230596,0.482729039
,,,S15,0.887276286,0.087960898,0.024762817,0.893922847,0.016134773,0.08994238,0.469495289,0.47656858,0.053936131,0.035801156,0.224442773,0.739756071,0.780577912,0.036500586,0.182921502,0.77299525,0.212104365,0.014900386,0.056881841,0.322755628,0.620362531,0.920861448,0.061253695,0.017884856
,,,S16,0.823728777,0.099964836,0.076306387,0.565087376,0.114752839,0.320159785,0.216072534,0.121401403,0.662526063,0.973722602,0.023712827,0.002564571,0.448051538,0.218872912,0.333075549,0.662461005,0.306892436,0.030646559,0.053229707,0.910840773,0.03592952,0.511539849,0.453610401,0.03484975
,,,S17,0.930493354,0.00854554,0.060961107,0.826059516,0.134613193,0.039327291,0.679568191,0.115152632,0.205279177,0.694602043,0.201760582,0.103637375,0.470648589,0.234198697,0.295152714,0.573459422,0.220466698,0.20607388,0.021091404,0.709984873,0.268923724,0.457580125,0.186841885,0.355577989
,,,S18,0.823953178,0.137062069,0.038984752,0.388278965,0.297335465,0.31438557,0.291381945,0.497329662,0.211288393,0.733202166,0.174245107,0.092552727,0.683719588,0.225307002,0.090973409,0.285399258,0.590556579,0.124044164,0.004986582,0.235358703,0.759654715,0.057819692,0.382979818,0.55920049
,,,S19,0.887425458,0.111640326,0.000934216,0.301927148,0.635719826,0.062353025,0.623604343,0.192326492,0.184069165,0.877740818,0.045011602,0.07724758,0.194941805,0.498367891,0.306690304,0.057173407,0.476277706,0.466548887,0.29219591,0.636416142,0.071387949,0.445040365,0.072230596,0.482729039
,,,S20,0.916828589,0.029320616,0.053850795,0.023743338,0.311651744,0.664604919,0.679568191,0.115152632,0.205279177,0.694602043,0.201760582,0.103637375,0.470648589,0.234198697,0.295152714,0.573459422,0.220466698,0.20607388,0.053229707,0.910840773,0.03592952,0.511539849,0.453610401,0.03484975
,,,S21,0.784126108,0.199194872,0.01667902,0.86028123,0.078141878,0.061576892,0.854053604,0.091786318,0.054160077,0.825018026,0.052297447,0.122684527,0.217149785,0.204391331,0.578458885,0.077782219,0.890979846,0.031237936,0.039077511,0.342128718,0.618793771,0.523612927,0.015881479,0.460505594
,,,S22,0.823728777,0.099964836,0.076306387,0.565087376,0.114752839,0.320159785,0.216072534,0.121401403,0.662526063,0.973722602,0.023712827,0.002564571,0.147002149,0.812199157,0.040798694,0.984961302,0.012770535,0.002268163,0.500187149,0.166964427,0.332848423,0.13139951,0.056123098,0.812477393
120,360,3,S1,0.448125318,0.513638296,0.038236386,0.199216967,0.082963752,0.717819281,0.421860519,0.335116242,0.243023239,0.249419854,0.576979673,0.173600473,0.333269793,0.040831112,0.625899095,0.180487882,0.557516983,0.261995135,0.252551136,0.401543624,0.34590524,0.059218361,0.899617755,0.041163883
,,,S2,0.151439497,0.775331542,0.073228961,0.305586514,0.251047417,0.44336607,0.16845989,0.019398732,0.812141378,0.128945144,0.513946295,0.357108561,0.152274448,0.804491457,0.043234095,0.426933731,0.484198915,0.088867354,0.858215699,0.046754306,0.095029995,0.258985503,0.016076612,0.724937885
,,,S3,0.947932412,0.035692346,0.016375241,0.478421264,0.37772459,0.143854146,0.648915597,0.263211798,0.087872605,0.658041643,0.217406036,0.124552321,0.302882988,0.321725006,0.375392006,0.521442034,0.126932986,0.351624981,0.20972719,0.084704493,0.705568317,0.680956733,0.237930999,0.081112269
,,,S4,0.896840886,0.074182533,0.028976581,0.219165347,0.766580446,0.014254206,0.841695897,0.068789774,0.089514329,0.796997203,0.100283216,0.102719581,0.284835391,0.389620276,0.325544332,0.969377249,0.012410186,0.018212564,0.408356496,0.43313633,0.158507175,0.10703635,0.663937581,0.22902607
,,,S5,0.994667888,0.002842786,0.002489326,0.794438158,0.115801753,0.089760089,0.441774737,0.377619072,0.18060619,0.631361926,0.343749051,0.024889023,0.450050567,0.336958674,0.212990759,0.689899626,0.228444266,0.081656108,0.522134365,0.462970649,0.014894986,0.121134825,0.604262491,0.274602684
,,,S6,0.933233141,0.036380039,0.03038682,0.686940024,0.251265731,0.061794245,0.304829981,0.580547441,0.114622578,0.975849925,0.004988593,0.019161482,0.371356248,0.457323968,0.171319784,0.873981164,0.038868385,0.087150451,0.528201027,0.019355787,0.452443186,0.711031702,0.097962675,0.191005623
,,,S7,0.864109155,0.018049879,0.117840966,0.754235773,0.116695362,0.129068865,0.156200243,0.181193298,0.66260646,0.84782739,0.08266272,0.06950989,0.145508696,0.405954872,0.448536432,0.897602783,0.054084791,0.048312427,0.083219016,0.549591641,0.367189343,0.836219071,0.132756774,0.031024155
,,,S8,0.580628911,0.0298112,0.389559889,0.564287523,0.153007491,0.282704986,0.58590553,0.283937837,0.130156633,0.127152295,0.871377177,0.001470528,0.528858625,0.208150455,0.262990921,0.809071276,0.166756752,0.024171972,0.018823047,0.681271171,0.299905782,0.349553862,0.333343521,0.317102618
,,,S9,0.448125318,0.513638296,0.038236386,0.199216967,0.082963752,0.717819281,0.421860519,0.335116242,0.243023239,0.249419854,0.576979673,0.173600473,0.333269793,0.040831112,0.625899095,0.180487882,0.557516983,0.261995135,0.252551136,0.401543624,0.34590524,0.059218361,0.899617755,0.041163883
,,,S10,0.151439497,0.775331542,0.073228961,0.305586514,0.251047417,0.44336607,0.16845989,0.019398732,0.812141378,0.128945144,0.513946295,0.357108561,0.152274448,0.804491457,0.043234095,0.426933731,0.484198915,0.088867354,0.858215699,0.046754306,0.095029995,0.258985503,0.016076612,0.724937885
,,,S11,0.947932412,0.035692346,0.016375241,0.219165347,0.766580446,0.014254206,0.841695897,0.068789774,0.089514329,0.796997203,0.100283216,0.102719581,0.284835391,0.389620276,0.325544332,0.969377249,0.012410186,0.018212564,0.408356496,0.43313633,0.158507175,0.10703635,0.663937581,0.22902607
,,,S12,0.705586948,0.186049303,0.10836375,0.988221694,0.003971238,0.007807067,0.538295839,0.400393395,0.061310765,0.115994403,0.851443096,0.032562501,0.233736118,0.046242959,0.720020923,0.972305662,0.021498584,0.006195754,0.486500635,0.260528063,0.252971302,0.650829809,0.34393461,0.005235581
,,,S13,0.933233141,0.036380039,0.03038682,0.686940024,0.251265731,0.061794245,0.304829981,0.580547441,0.114622578,0.975849925,0.004988593,0.019161482,0.130330666,0.182542178,0.687127156,0.532388516,0.142289306,0.325322178,0.689742488,0.173634772,0.13662274,0.393292994,0.486971338,0.119735668
,,,S14,0.705586948,0.186049303,0.10836375,0.319065232,0.42691858,0.254016188,0.538295839,0.400393395,0.061310765,0.115994403,0.851443096,0.032562501,0.233736118,0.046242959,0.720020923,0.972305662,0.021498584,0.006195754,0.486500635,0.260528063,0.252971302,0.650829809,0.34393461,0.005235581
,,,S15,0.560662643,0.309821895,0.129515461,0.177866928,0.390886842,0.431246229,0.10854288,0.506454603,0.385002518,0.579847491,0.378188586,0.041963922,0.081809082,0.272868666,0.645322252,0.522245605,0.244439631,0.233314764,0.911478185,0.074267116,0.014254699,0.645375497,0.25178018,0.102844323
,,,S16,0.879146536,0.016490684,0.104362781,0.304761095,0.068162353,0.627076552,0.371587006,0.438167563,0.190245431,0.948730922,0.046742863,0.004526214,0.692444844,0.218689805,0.088865351,0.77621865,0.156370568,0.067410782,0.050466407,0.361734688,0.587798905,0.528274969,0.032746232,0.438978798
,,,S17,0.6958837,0.251927597,0.052188703,0.580153312,0.320425634,0.099421053,0.619041269,0.296770519,0.084188211,0.134184966,0.636012504,0.229802531,0.42829392,0.350443984,0.221262096,0.896985265,0.058103519,0.044911216,0.185156692,0.261621226,0.553222082,0.306157946,0.571846178,0.121995876
,,,S18,0.715168884,0.246286435,0.038544681,0.996296148,0.001901905,0.001801947,0.059957274,0.027350474,0.912692253,0.4599462,0.523293241,0.01676056,0.817459311,0.085847989,0.096692701,0.679600625,0.104929299,0.215470076,0.10563037,0.87630386,0.018065771,0.824502542,0.017167855,0.158329603
180,360,3,S1,0.761402704,0.227884124,0.010713173,0.305575367,0.278979273,0.41544536,0.607837877,0.00790784,0.384254283,0.71039265,0.082644021,0.206963329,0.009120967,0.734906268,0.255972765,0.402279945,0.246489128,0.351230926,0.518817469,0.189328248,0.291854282,0.933255785,0.041831231,0.024912984
,,,S2,0.914819165,0.022224299,0.062956536,0.098400868,0.558678208,0.342920924,0.186624873,0.738409553,0.074965574,0.271217013,0.403632961,0.325150026,0.312016286,0.503417666,0.184566048,0.730703577,0.262033584,0.007262839,0.410673232,0.016448948,0.572877819,0.533398564,0.37990323,0.086698207
,,,S3,0.988987114,0.005622556,0.00539033,0.448488707,0.113165246,0.438346047,0.823662393,0.022322563,0.154015044,0.670932525,0.23880473,0.090262746,0.334823774,0.498009004,0.167167222,0.210983904,0.140768235,0.648247861,0.034210903,0.113088323,0.852700774,0.471907247,0.330554913,0.19753784
,,,S4,0.724877826,0.195942888,0.079179286,0.448477192,0.452631864,0.098890944,0.455613865,0.33766435,0.206721786,0.664532125,0.194418526,0.141049349,0.448601415,0.371701599,0.179696986,0.615206594,0.226338876,0.15845453,0.052035217,0.191109229,0.756855554,0.597735333,0.358360833,0.043903834
,,,S5,0.952919346,0.008905043,0.038175611,0.965944894,0.033865675,0.000189432,0.114539175,0.227541496,0.657919329,0.516505547,0.280314822,0.203179632,0.400492094,0.361922415,0.237585491,0.816057614,0.124799628,0.059142758,0.247370833,0.68786869,0.064760477,0.663334499,0.018067463,0.318598039
,,,S6,0.755120512,0.118932769,0.125946719,0.03888948,0.36780356,0.59330696,0.790725791,0.137562434,0.071711775,0.246313204,0.59587962,0.157807176,0.097323449,0.513850908,0.388825643,0.867454012,0.113867854,0.018678134,0.054917505,0.455173807,0.489908688,0.349645574,0.424880817,0.225473609
,,,S7,0.623663703,0.291237478,0.085098819,0.851579378,0.013359222,0.1350614,0.678277343,0.190185379,0.131537278,0.657633823,0.159547666,0.182818511,0.468022786,0.38178595,0.150191263,0.80351917,0.050462464,0.146018366,0.146483891,0.385184571,0.468331538,0.428806856,0.303600099,0.267593046
,,,S8,0.866589302,0.032894016,0.100516682,0.623984291,0.276015079,0.10000063,0.710002702,0.283692128,0.00630517,0.534202456,0.246051191,0.219746352,0.381373291,0.42751465,0.191112058,0.071753877,0.629399315,0.298846808,0.128606838,0.076824933,0.794568229,0.484578872,0.041939302,0.473481826
,,,S9,0.840642076,0.084748237,0.074609688,0.444595402,0.114848092,0.440556506,0.605541172,0.14962854,0.244830288,0.951687595,0.001349196,0.046963209,0.045818113,0.456850402,0.497331485,0.852103417,0.010735272,0.137161311,0.320895118,0.354845362,0.32425952,0.838491795,0.144641662,0.016866543
,,,S10,0.676146383,0.235814529,0.088039087,0.405152539,0.083537688,0.511309773,0.380516221,0.541368279,0.0781155,0.840063747,0.019535499,0.140400754,0.33144725,0.379897057,0.288655693,0.966325094,0.003293239,0.030381666,0.181036898,0.079106096,0.739857005,0.40028516,0.129170976,0.470543865
360,360,3,S1,0.660672137,0.276484884,0.062842979,0.647249064,0.146289817,0.20646112,0.611241337,0.017679749,0.371078914,0.809428994,0.103967161,0.086603845,0.622113743,0.049236615,0.328649642,0.070558819,0.491709162,0.437732019,0.123207123,0.830698824,0.046094053,0.736147596,0.178989041,0.084863363
,,,S2,0.755262558,0.196288929,0.048448513,0.760423721,0.00676097,0.232815309,0.137870737,0.429129376,0.432999887,0.753250807,0.143769305,0.102979888,0.627975289,0.273574021,0.09845069,0.766838093,0.134760171,0.098401736,0.035066361,0.427607284,0.537326355,0.027554771,0.509628185,0.462817044
,,,S3,0.982219459,0.01148698,0.006293561,0.7225645,0.214935211,0.062500289,0.817639627,0.052936747,0.129423626,0.517729364,0.302114943,0.180155693,0.248125327,0.652098684,0.099775988,0.788810963,0.154491299,0.056697737,0.116369646,0.557809099,0.325821256,0.269273017,0.568180815,0.162546168
,,,S4,0.940232462,0.01389972,0.045867819,0.546752601,0.25417017,0.199077228,0.087833576,0.255446021,0.656720403,0.333628089,0.400748213,0.265623698,0.40278878,0.087725973,0.509485247,0.315821889,0.231008492,0.453169619,0.181667591,0.800035163,0.018297246,0.924480283,0.05291967,0.022600047
,,,S5,0.927266355,0.010049689,0.062683956,0.242595573,0.017260384,0.740144043,0.324930914,0.244163982,0.430905103,0.445429336,0.387854861,0.166715803,0.245027031,0.610064804,0.144908165,0.667207673,0.150421524,0.182370803,0.774348106,0.125613752,0.100038143,0.95916114,0.002510421,0.038328439
,,,S6,0.836435295,0.160734689,0.002830016,0.622727981,0.35677846,0.020493559,0.651162195,0.14716122,0.201676585,0.538542555,0.457528564,0.003928881,0.128905886,0.078427652,0.792666462,0.004268999,0.552347717,0.443383285,0.520299496,0.462893472,0.016807032,0.526345503,0.348932828,0.124721669
,,,S7,0.870533916,0.128909436,0.000556648,0.761967251,0.2226286,0.01540415,0.233082603,0.405020517,0.36189688,0.471885777,0.066160469,0.461953755,0.315356803,0.323071085,0.361572111,0.768590426,0.139932313,0.091477261,0.29096009,0.387384979,0.321654931,0.523882415,0.135136307,0.340981278
,,,S8,0.728626266,0.110119661,0.161254073,0.917932007,0.068839217,0.013228775,0.325040223,0.010502042,0.664457735,0.498279871,0.273035281,0.228684848,0.870067636,0.114424469,0.015507895,0.858680728,0.075088137,0.066231135,0.053374646,0.523243828,0.423381526,0.321431093,0.597375942,0.081192966
,,,S9,0.663334161,0.334003443,0.002662396,0.484840255,0.379317786,0.135841959,0.127230487,0.136425645,0.736343868,0.583423239,0.0011609,0.415415861,0.406463999,0.271410156,0.322125845,0.383481168,0.589136788,0.027382043,0.445762301,0.322465791,0.231771908,0.829099939,0.01405603,0.156844031
,,,S10,0.999370016,0.000172915,0.000457069,0.94840969,0.028214104,0.023376205,0.484989209,0.229768822,0.285241968,0.236641401,0.649648103,0.113710496,0.431651466,0.212197182,0.356151352,0.194291969,0.340305923,0.465402107,0.408006516,0.479996437,0.111997047,0.945452663,0.047329636,0.0072177
,,,S11,0.825824721,0.073845456,0.100329822,0.581409242,0.091565933,0.327024825,0.324270684,0.639908587,0.035820729,0.837369295,0.152145618,0.010485086,0.081841864,0.609643561,0.308514575,0.934379739,0.027670094,0.037950166,0.449584813,0.027054015,0.523361172,0.928972828,0.039772921,0.031254251
